form	type	evidential	form_base	base_label	form_aux	aux_type	aux_morph	deriv_stem	lex_type	struct	res	cr	exp	semnr	formnr	meaning	lang	variant	gltc	lat	lon	aff	datapoint	comment	ref	source
-f-e	perfectoid		-f-e	participle		copula	reduced	perfective	participle	analytic			experiential	1	3	cr	Agul	Huppuq	aghu1253	41.66667	47.66667	Lezgic	village Khpyuk			Maisak, Timur A. To appear. ‘Structural and functional variations of the perfect in Lezgic languages’. Kristin Melum Eide & Mark Fryd (eds.) The Perfect Volume. Amsterdam: John Benjamins.
-najef-e	perfectoid		-najef-e	resultative participle		copula	reduced	perfective	participle	analytic		current relevance		1	3	cr	Agul	Huppuq	aghu1253	41.66667	47.66667	Lezgic	village Khpyuk	Formed with a participialized form of the Perfect, has a weak inferential meaning.		Maisak, Timur A. & Solmaz R. Merdanova. 2016. ‘Perfekt i smežnye značenija v agul’skom jazyke’ [Perfect and related meanings in Aghul]. Timur A. Maisak, Vladimir A. Plungian & Ksenia P. Semënova (eds.) Tipologija Perfekta [Typology of the perfect]. St.-Petersburg: Nauka, 379-424.
-naa/naja	perfectoid	unwitnessed	-naa/naja < -na  		a/aa/aja	copula	reduced	perfective	converb	synthetic	resultative	current relevance		3	3	res, cr, evidential	Agul	Huppuq	aghu1253	41.66667	47.66667	Lezgic	village Khpyuk			Maisak, Timur A. To appear. ‘Structural and functional variations of the perfect in Lezgic languages’. Kristin Melum Eide & Mark Fryd (eds.) The Perfect Volume. Amsterdam: John Benjamins.
-wudi	suffix	unwitnessed	-wudi	perfective wudi		no auxiliary	no auxiliary		unclear	synthetic				NA	NA	evidential	Akhvakh	Axaxdɘrɘ	akhv1239	41.6624507	46.6360615	Andic	village Akhakh-Dere			Creissels, Denis. 2018. ‘Perfective tenses and epistemic modality in Northern Akhvakh’. Diana Forker & Timur Maisak (eds.) The semantics of verbal categories in Nakh-Daghestanian languages. Leiden: Brill, 166-187.
-eːhe gʷeda 	perfectoid	unwitnessed	-eːhe 	past converb	gʷeda	copula	full		converb	analytic				1	1	evidential	Akhvakh	Northern Akhvakh	akhv1239	42.40035	46.30369	Andic	glottolog point Akhvakh			Magomedbekova, Zagidat M. 1967. Axvaxskij jazyk [Akhvakh]. Tbilisi: Mecniereba.
-oː/eː/aː/iː/ereː/areː(-hi/he/ho) godi 	perfectoid		-oː/eː/aː/iː/ereː/areː(-hi/he/ho)	general converb	godi	copula	full	bare	converb	analytic		current relevance		1	1	res	Akhvakh	Axaxdɘrɘ	akhv1239	41.6624507	46.6360615	Andic	village Akhakh-Dere	The distribution of allomorphs used to form the General Converb is described in Creissels (2012), also referenced under “Source”.		Creissels, Denis. 2018. ‘Perfective tenses and epistemic modality in Northern Akhvakh’. Diana Forker & Timur Maisak (eds.) The semantics of verbal categories in Nakh-Daghestanian languages. Leiden: Brill, 166-187.; Creissels, Denis. 2012. ‘External agreement in the converbal construction of Northern Akhvakh.’ Volker Gast & Holger Diessel (eds.) Clause linkage in cross-linguistic perspective. Berlin: De Gruyter Mouton, 127-156.
-j/nij	perfectoid	unwitnessed	-j/nij	general converb / perfect		no auxiliary	no auxiliary	past	converb	synthetic	resultative	current relevance		3	1	res, cr, evidential	Andi	Zilo	andi1255	42.731394	46.319223	Andic	village Zilo			Personal fieldwork 2017.
-dːu	perfectoid	unwitnessed	-dːu	general converb / perfect		no auxiliary	no auxiliary	past	converb	synthetic	resultative			2	1	res, evidential	Andi	Andi	andi1255	42.7856	46.2639	Andic	village Andi			Kibrik, Andrei A. 1985. ‘Absentiv-Aorist und Resultativ in der andischen Sprache’. Heinz Fähnrich (ed.) Sprachen Europas und Asiens. Jena: Friedrich Schiller Universität, 55-66.
-d	perfectoid	unwitnessed	-d	general converb / perfect		no auxiliary	no auxiliary	past	converb	synthetic	resultative			2	1	res, evidential	Andi	Rikvani	andi1255	42.782304	46.319372	Andic	village Rikvani			Verhees, Samira. 2018. ‘The perfect in Avar and Andi. Cross-linguistic variation among two closely-related East Caucasian languages’. Dalila Ayoun, Agnès Celle, Laure Lansari (eds.) Tense, aspect, modality and evidentiality: Cross-linguistic perspectives. Amsterdam: John Benjamins, 261-280.
-li bi 	perfectoid		-li 	perfective converb	bi	copula	full	perfective	converb	analytic	resultative			1	2	res	Archi	Archi	arch1244	42.0664	46.8678	Lezgic	glottolog point Archi			Maisak, Timur A. To appear. ‘Structural and functional variations of the perfect in Lezgic languages’. Kristin Melum Eide & Mark Fryd (eds.) The Perfect Volume. Amsterdam: John Benjamins.
-li	perfectoid	unwitnessed	-li	converb		no auxiliary	no auxiliary	perfective	converb	synthetic	resultative	current relevance		3	2	res, cr, evidential	Archi	Archi	arch1244	42.0664	46.8678	Lezgic	glottolog point Archi			Maisak, Timur A. To appear. ‘Structural and functional variations of the perfect in Lezgic languages’. Kristin Melum Eide & Mark Fryd (eds.) The Perfect Volume. Amsterdam: John Benjamins.
-la-[person/class]	suffix	unwitnessed	-la-[person/class]	past unwitnessed		no auxiliary	full		unclear	synthetic				NA	NA	evidential	Avar	Zaqatala	avar1256	41.63361	46.64333	Avar	city Zaqatala			Saidova, Patimat A. 2007. Zakatal’skij dialekt avarskogo jazyka [The Zaqatala dialect of Avar]. Makhachkala: IJaLI.
-un cm-ugo 	perfectoid	unwitnessed	-un 	past converb	cm-ugo	copula	full	bare	converb	analytic	resultative	current relevance		3	1	res, cr, evidential	Avar	Avar	avar1256	42.43056	46.66639	Avar	glottolog point Avar			Mallaeva, Zulajxat M. 2007. Glagol avarskogo jazyka: Struktura, semantika, funkcii [The verb in Avar: Structure, semantics and functions]. Makhachkala: IJaLI.
-mIš/Ib-[person]	perfectoid		-mIš/Ib-[person]	past participle		no auxiliary	no auxiliary		participle	synthetic		current relevance		1	1	cr	Azerbaijani	Azerbaijani	nort2697	40.97767	46.4737	Turkic	glottolog point North Azerbaijani			Shiraliev, M. Sh. & E.V. Sevortyan. 1971. Grammatika azerbajdžandskogo jazyka (fonetika, morfologija i sintaksis) [The grammar of Azerbaijani (phonetics, morphology and syntax)]. Baku: Elm.; Johanson, Lars. 2018. ‘Turkic indirectivity’. Alexandra Y. Aikhenvald (ed.) The Oxford handbook of evidentiality. Oxford: Oxford University Press, 510-524.; Zaslansky, Matthew. 2019. ‘The overabundance of the perfect and the decay of evidentiality in Standard Azerbaijani’. TU+4 - NYU, New York. 16.02.2019. (Handout)
-u-cm ek'ʷa 	perfectoid		-u-cm 	past participle	ek'ʷa	copula	full	past	participle	analytic	resultative			1	2	res	Bagvalal	Kvanada	bagv1239	42.561478	46.17397	Andic	village Kvanada			Tatevosov, Sergei G. 2001. ‘Analitičeskie glagol’nye formy’ [Periphrastic verb forms]. Alexandr E. Kibrik, Konstantin I. Kazenin, Jekaterina A. Ljutikova, Sergej G. Tatevosov (eds.) Bagvalinskij jazyk. Grammatika. Teksty. Slovari [The Bagvalal language. Grammar.  Texts. Dictionary]. Moscow: IMLI RAN Nasledie, 105-115.
-cm-o ek'ʷa 	perfectoid	unwitnessed	-cm-o 	perfective converb	ek'ʷa	copula	full	past	converb	analytic	resultative	current relevance		3	2	res, cr, evidential	Bagvalal	Kvanada	bagv1239	42.561478	46.17397	Andic	village Kvanada			Maisak, Timur A. & Sergei G. Tatevosov. 2001. ‘Évidencial’nost’’ [Evidentiality]. Alexandr E. Kibrik, Konstantin I. Kazenin, Jekaterina A. Ljutikova, Sergej G. Tatevosov (eds.) Bagvalinskij jazyk. Grammatika. Teksty. Slovari [The Bagvalal language. Grammar.  Texts. Dictionary]. Moscow: IMLI RAN Nasledie, 293-317.
-no	suffix	unwitnessed	-no 	past participle/converb		no auxiliary	no auxiliary		unclear	synthetic				NA	NA	evidential	Bats	Bats	bats1242	42.1806	45.34397	Nakh	glottolog point Bats	"-no is also the participle/converb suffix, it attaches to aorist to form ""reported aorist"", another morpheme -lo exists, which is homophonous with the subjunctive and forms reported equivalents of tenses other than the aorist."		Holisky, Dee Ann & Rusudan Gagua. 1994. ‘Tsova-Tush (Batsbi)’. Rieks Smeets (ed.) The indigenous languages of the Caucasus vol. 4 part 2. Delmar: Caravan, 147-212.
-no-cm-a 	perfectoid		-no	past participle/converb	-cm-a	copula	full	aorist	participle	analytic	resultative		experiential	NA	1	res, cr	Bats	Bats	bats1242	42.1806	45.34397	Nakh	glottolog point Bats	Used in negative contexts, similar to the Aorist Reported (aorist + -no).		Holisky, Dee Ann & Rusudan Gagua. 1994. ‘Tsova-Tush (Batsbi)’. Rieks Smeets (ed.) The indigenous languages of the Caucasus vol. 4 part 2. Delmar: Caravan, 147-212.
-na gey	perfectoid	unwitnessed	-na 	perfective converb	gey	copula	full		converb	analytic		current relevance		2	1	cr, evidential	Bezhta	Bezhta	bezh1248	42.1206	46.03319	Tsezic	glottolog point Bezhta	The copula is optional for indirect evidentiality (Unwitnessed) and obligatory for Perfect.		Khalilova, Zaira A. 2011. ‘Evidentiality in Tsezic languages’. Linguistic Discovery 9(2), 30-48.
-ida // -a/-u ida 	perfectoid	unwitnessed	-ida < -a/-u 	perfect / general converb	ida	copula	full	bare	converb	analytic	resultative	current relevance		3	1	res, cr, evidential	Botlikh	Botlikh	botl1242	42.667813	46.221451	Andic	village Botlikh	Converb is equal to Aorist. Copula is sometimes added directly to the bare stem as a suffix.		Alekseyev, Mikhail & Samira Verhees. To appear. ‘Botlikh’. Yuri Koryakov & Timur Maisak (eds.) Handbook of Caucasian Languages. Vol. 2. Nakh-Daghestanian. Berlin/New York: De Gruyter Mouton.
-vi 	perfectoid		-vi < [pfv.ptcp] 	perfective participle	vi	copula	reduced	perfective	participle	synthetic	resultative	current relevance		2	1	res, cr	Budukh	Budukh	budu1248	41.22722	48.33533	Lezgic	glottolog point Budukh			Maisak, Timur A. To appear. ‘Structural and functional variations of the perfect in Lezgic languages’. Kristin Melum Eide & Mark Fryd (eds.) The Perfect Volume. Amsterdam: John Benjamins.
-dːu ide	perfectoid	unwitnessed	-dːu 	past converb	ide	copula	full		converb	analytic				1	1	evidential	Chamalal	Gadiri	cham1309	42.566265	46.065746	Andic	village Gadiri			Bokarëv, Anatolij A. 1949. Očerki grammatiki čamalinskogo jazyka [Chamalal grammar sketches]. Moscow/Leningrad: Izdatel’stvo Akademii Nauk SSSR.
-eːda / -iːda 	perfectoid	unwitnessed	-eːda / -iːda < -a/i 	past converb	ida	copula	reduced	bare	converb	synthetic				1	1	evidential	Chamalal	Gakvari	cham1309	42.547874	46.032686	Andic	village Verkhnie Gakvari	There are two more allomorphs of the Past Converb, but their form is unreadable in the scan of the book.		Bokarëv, Anatolij A. 1949. Očerki grammatiki čamalinskogo jazyka [Chamalal grammar sketches]. Moscow/Leningrad: Izdatel’stvo Akademii Nauk SSSR.
-dːa	perfectoid	unwitnessed	-dːa < -t'u	past converb	ida	copula	reduced	past	converb	synthetic				1	1	evidential	Chamalal	Gigatl’	cham1309	42.58136	46.0964	Andic	village Gigatl’			Bokarëv, Anatolij A. 1949. Očerki grammatiki čamalinskogo jazyka [Chamalal grammar sketches]. Moscow/Leningrad: Izdatel’stvo Akademii Nauk SSSR.
-na	perfectoid		-na	anterior converb		no auxiliary	no auxiliary	perfective	converb	synthetic		current relevance		1	2	cr, evidential	Chechen	Chechen	chec1245	43.5	45.5	Nakh	glottolog point Chechen	Converb is equal to participle. Evidential meaning is described in Desheriev (1963).		Molochieva, Zarina. 2010. Tense, aspect and mood in Chechen. University of Leipzig: Dissertation.; Molochieva, Zarina & Johanna Nichols. 2018. ‘Tense, aspect, mood and evidentiality in Chechen and Ingush.’ Diana Forker & Timur Maisak (eds.) The semantics of verbal categories in Nakh-Daghestanian languages. Leiden/Boston: Brill, 26-48.; Junus D. Desheriev. 1963. Sravitel’no-istoričeskaja grammatika naxskix jazykov i problemy proisxoždenij i istoričeskogo razvitija gorskix narodov [Historical comparative grammar of the Nakh languages and the origin and historical development of mountain peoples]. Grozny: Čečeno-ingušskoe knižnoe izdatel’stvo.
-na cm-u 	perfectoid		-na 	anterior converb	cm-u	copula	full	perfective	converb	analytic	resultative			1	2	res	Chechen	Chechen	chec1245	43.5	45.5	Nakh	glottolog point Chechen	Converb is equal to participle.		Molochieva, Zarina. 2010. Tense, aspect and mood in Chechen. University of Leipzig: Dissertation.; Molochieva, Zarina & Johanna Nichols. 2018. ‘Tense, aspect, mood and evidentiality in Chechen and Ingush.’ Diana Forker & Timur Maisak (eds.) The semantics of verbal categories in Nakh-Daghestanian languages. Leiden/Boston: Brill, 26-48.; Junus D. Desheriev. 1963. Sravitel’no-istoričeskaja grammatika naxskix jazykov i problemy proisxoždenij i istoričeskogo razvitija gorskix narodov [Historical comparative grammar of the Nakh languages and the origin and historical development of mountain peoples]. Grozny: Čečeno-ingušskoe knižnoe izdatel’stvo.
-si=ra/ri/sa<cm>i 	perfectoid		-si 	past participle	=ra/ri/sa<cm>i	person clitic	full	preterite	participle	analytic			experiential	1	2	cr	Dargwa	Dargwa Standard	darg1241	42.275664	47.340107	Dargwa	glottolog point North Dargwa			Mutalov, Rasul. 2018. ‘The tense/aspect system of Standard Dargwa.’ Diana Forker & Timur Maisak (eds.) The semantics of verbal categories in Nakh-Daghestanian languages. Leiden: Brill, 49-79.
-ib-zi-cm=da/di/ca<cm>i 	perfectoid		-ib-zi-cm 	perfective participle	=da/di/ca<cm>i	person clitic	full	bare	participle	analytic			experiential	1	3	cr	Dargwa	Shiri	darg1241	42.060627	47.589895	Dargwa	village Shiri			Belyaev, Oleg. 2018. ‘Aorist, resultative and perfect in Shiri Dargwa and beyond’. Diana Forker & Timur Maisak (eds.) The semantics of verbal categories in Nakh-Daghestanian languages. Leiden: Brill, 80-119.
-ib=da/di/Ø 	perfectoid		-ib 	perfective participle	=da/di/Ø	person clitic	defective	bare	participle	synthetic		current relevance		1	3	cr	Dargwa	Shiri	darg1241	42.060627	47.589895	Dargwa	village Shiri	Zero copula in third person.		Belyaev, Oleg. 2018. ‘Aorist, resultative and perfect in Shiri Dargwa and beyond’. Diana Forker & Timur Maisak (eds.) The semantics of verbal categories in Nakh-Daghestanian languages. Leiden: Brill, 80-119.
-ib=[person] 	perfectoid	unwitnessed	-ib 	perfective participle	=[person]	person clitic	full		participle	analytic		current relevance		2	2	cr, evidential	Dargwa	Icari	darg1241	41.99733	47.5833	Dargwa	village Itsari			Belyaev, Oleg. 2018. ‘Aorist, resultative and perfect in Shiri Dargwa and beyond’. Diana Forker & Timur Maisak (eds.) The semantics of verbal categories in Nakh-Daghestanian languages. Leiden: Brill, 80-119.
-ib=[person] 	perfectoid	unwitnessed	-ib 	perfective participle	=[person]	person clitic	full		participle	analytic				1	2	evidential	Dargwa	Kaitag	darg1241	42.06139	47.79597	Dargwa	glottolog point Kajtak			Belyaev, Oleg. 2018. ‘Aorist, resultative and perfect in Shiri Dargwa and beyond’. Diana Forker & Timur Maisak (eds.) The semantics of verbal categories in Nakh-Daghestanian languages. Leiden: Brill, 80-119.
-ib=[person] 	perfectoid	unwitnessed	-ib 	perfective participle	=[person]	person clitic	full		participle	analytic				1	2	evidential	Dargwa	Kubachi	darg1241	42.0856	47.6031	Dargwa	village Kubachi			Belyaev, Oleg. 2018. ‘Aorist, resultative and perfect in Shiri Dargwa and beyond’. Diana Forker & Timur Maisak (eds.) The semantics of verbal categories in Nakh-Daghestanian languages. Leiden: Brill, 80-119.
-ib-li=[person] 	perfectoid		-ib-li 	perfective converb	=[person]	person clitic	full		converb	analytic	resultative			1	2	res	Dargwa	Icari	darg1241	41.99733	47.5833	Dargwa	village Itsari			Belyaev, Oleg. 2018. ‘Aorist, resultative and perfect in Shiri Dargwa and beyond’. Diana Forker & Timur Maisak (eds.) The semantics of verbal categories in Nakh-Daghestanian languages. Leiden: Brill, 80-119.
-ib-li=[person] 	perfectoid		-ib-li 	perfective converb	=[person]	person clitic	full		converb	analytic	resultative	current relevance		2	2	res, cr	Dargwa	Kaitag	darg1241	42.06139	47.79597	Dargwa	glottolog point Kajtak			Belyaev, Oleg. 2018. ‘Aorist, resultative and perfect in Shiri Dargwa and beyond’. Diana Forker & Timur Maisak (eds.) The semantics of verbal categories in Nakh-Daghestanian languages. Leiden: Brill, 80-119.
-ib-li=[person] 	perfectoid		-ib-li 	perfective converb	=[person]	person clitic	full		converb	analytic	resultative	current relevance		2	2	res, cr	Dargwa	Kubachi	darg1241	42.0856	47.6031	Dargwa	village Kubachi			Belyaev, Oleg. 2018. ‘Aorist, resultative and perfect in Shiri Dargwa and beyond’. Diana Forker & Timur Maisak (eds.) The semantics of verbal categories in Nakh-Daghestanian languages. Leiden: Brill, 80-119.
-ib-li=[person]  	perfectoid	unwitnessed	-ib-li 	perfective converb	=[person] 	person clitic	full		converb	analytic	resultative	current relevance		3	1	res, cr, evidential	Dargwa	Akusha	darg1241	42.275664	47.340107	Dargwa	village Akusha			Belyaev, Oleg. 2018. ‘Aorist, resultative and perfect in Shiri Dargwa and beyond’. Diana Forker & Timur Maisak (eds.) The semantics of verbal categories in Nakh-Daghestanian languages. Leiden: Brill, 80-119.
-ib-li=[person]	perfectoid	unwitnessed	-ib-li 	perfective converb	=[person]	person clitic	full		converb	analytic	resultative	current relevance		3	1	res, cr, evidential	Dargwa	Ashti	darg1241	41.961098	47.502559	Dargwa	village Ashty			Belyaev, Oleg. 2018. ‘Aorist, resultative and perfect in Shiri Dargwa and beyond’. Diana Forker & Timur Maisak (eds.) The semantics of verbal categories in Nakh-Daghestanian languages. Leiden: Brill, 80-119.
-ib-li=[person] 	perfectoid	unwitnessed	-ib-li 	perfective converb	=[person]	person clitic	full		converb	analytic	resultative	current relevance		3	1	res, cr, evidential	Dargwa	Tanti	darg1241	42.1642	47.3167	Dargwa	village Tanty			Belyaev, Oleg. 2018. ‘Aorist, resultative and perfect in Shiri Dargwa and beyond’. Diana Forker & Timur Maisak (eds.) The semantics of verbal categories in Nakh-Daghestanian languages. Leiden: Brill, 80-119.
-li=ra/ri/sa<cm>i 	perfectoid	unwitnessed	-li 	past converb	=ra/ri/sa<cm>i	person clitic	full	preterite	converb	analytic	resultative			2	2	res, evidential	Dargwa	Dargwa Standard	darg1241	42.275664	47.340107	Dargwa	glottolog point North Dargwa			Mutalov, Rasul. 2018. ‘The tense/aspect system of Standard Dargwa.’ Diana Forker & Timur Maisak (eds.) The semantics of verbal categories in Nakh-Daghestanian languages. Leiden: Brill, 49-79.
-ib-li=da/di/ca<cm>i 	perfectoid	unwitnessed	-ib-li 	perfective converb	=da/di/ca<cm>i	person clitic	full	bare	converb	analytic	resultative			2	3	res, evidential	Dargwa	Shiri	darg1241	42.060627	47.589895	Dargwa	village Shiri			Belyaev, Oleg. 2018. ‘Aorist, resultative and perfect in Shiri Dargwa and beyond’. Diana Forker & Timur Maisak (eds.) The semantics of verbal categories in Nakh-Daghestanian languages. Leiden: Brill, 80-119.
-á/ú cmV=k'-at-á-da	perfectoid		-á/ú 	past converb	cmV=k'-at-á-da	auxiliary	full	past	converb	analytic		current relevance		1	4	cr	Godoberi	Godoberi	ghod1238	42.74276	46.22524	Andic	glottolog point Godoberi	Auxiliary is the present progressive of the existential verb ‘be’.		Dobrushina, Nina R., Sergei G. Tatevosov. 1996 ‘Usage of verbal forms’. Alexandr E. Kibrik, Sergej G. Tatevosov & Alexander Eulenberg (eds.) Godoberi. München: Lincom Europa, 91-106.; Kibrik, Alexandr E., Tatevosov, Sergei G. 1996. ‘Verbs’. Alexandr E. Kibrik, Sergej G. Tatevosov & Alexander Eulenberg (eds.) Godoberi. München: Lincom Europa, 44-73.
-á/ú-da 	perfectoid	unwitnessed	-á/ú 	past converb	-da	copula	reduced	past	converb	synthetic		current relevance		2	4	cr, evidential	Godoberi	Godoberi	ghod1238	42.74276	46.22524	Andic	glottolog point Godoberi			Dobrushina, Nina R., Sergei G. Tatevosov. 1996 ‘Usage of verbal forms’. Alexandr E. Kibrik, Sergej G. Tatevosov & Alexander Eulenberg (eds.) Godoberi. München: Lincom Europa, 91-106.; Kibrik, Alexandr E., Tatevosov, Sergei G. 1996. ‘Verbs’. Alexandr E. Kibrik, Sergej G. Tatevosov & Alexander Eulenberg (eds.) Godoberi. München: Lincom Europa, 44-73.
-bú-da 	perfectoid		-bú 	past participle	-da	copula	reduced	past	participle	synthetic	resultative			1	4	res	Godoberi	Godoberi	ghod1238	42.74276	46.22524	Andic	glottolog point Godoberi			Dobrushina, Nina R., Sergei G. Tatevosov. 1996 ‘Usage of verbal forms’. Alexandr E. Kibrik, Sergej G. Tatevosov & Alexander Eulenberg (eds.) Godoberi. München: Lincom Europa, 91-106.; Kibrik, Alexandr E., Tatevosov, Sergei G. 1996. ‘Verbs’. Alexandr E. Kibrik, Sergej G. Tatevosov & Alexander Eulenberg (eds.) Godoberi. München: Lincom Europa, 44-73.
-bú cmV=k'-at-á-da 	perfectoid	unwitnessed	-bú 	past participle	cmV=k'-at-á-da	auxiliary	full	past	participle	analytic	resultative			2	4	res, evidential	Godoberi	Godoberi	ghod1238	42.74276	46.22524	Andic	glottolog point Godoberi			
-no/n	perfectoid	unwitnessed	-no/n	narrative converb		no auxiliary	defective	bare	converb	synthetic				1	2	evidential	Hinuq	Hinuq	hinu1240	42.45022	45.80638	Tsezic	glottolog point Hinuq	Copula reappears under negation.		Khalilova, Zaira A. 2011. ‘Evidentiality in Tsezic languages’. Linguistic Discovery 9(2), 30-48.
-s/š/iš goɬ 	perfectoid		-s/š/iš 	resultative participle	goɬ	copula	full		participle	analytic	resultative	current relevance		2	2	res, cr	Hinuq	Hinuq	hinu1240	42.45022	45.80638	Tsezic	glottolog point Hinuq			Forker, Diana. 2013. A grammar of Hinuq. Berlin/Boston: De Gruyter Mouton.
-un lo/li 	perfectoid	unwitnessed	-un 	perfective converb	lo/li	copula	full		converb	analytic		current relevance		2	1	cr, evidential	Hunzib	Hunzib	hunz1247	42.08076	46.13691	Tsezic	glottolog point Hunzib			Khalilova, Zaira A. 2011. ‘Evidentiality in Tsezic languages’. Linguistic Discovery 9(2), 30-48.; van den Berg, Helma. 1995. A grammar of Hunzib (with texts and lexicon). Leiden: Dissertation.
-na<cm>(y) 	perfectoid	unwitnessed	-na<cm>(y) < -na 	anterior converb	=cm-y 	copula	reduced	perfective	converb	synthetic	resultative	current relevance		3	1	res, cr, evidential	Ingush	Ingush	ingu1240	43.16667	44.81667	Nakh	glottolog point Ingush	Converb is equal to participle.		Nichols, Johanna. 2011. Ingush grammar. Berkley: University of California Press.; Molochieva, Zarina & Johanna Nichols. 2018. ‘Tense, aspect, mood and evidentiality in Chechen and Ingush.’ Diana Forker & Timur Maisak (eds.) The semantics of verbal categories in Nakh-Daghestanian languages. Leiden/Boston: Brill, 26-48.
-cm-oxa ida	perfectoid		-cm-oxa	past converb	ida	copula	full	past	converb	analytic				NA	1	cr	Karata	Karata	kara1474	42.5942	46.3419	Andic	village Karata	Labeled прошедшее несовершенное. It is unclear what that means, and no phrasal examples are provided.		Magomedbekova, Zagidat M. 1971. Karatinskij jazyk. Grammatičeskij analiz, teksty, slovar’ [Karata. Grammatical analysis, texts, dictionary]. Tbilisi: Mecniereba.
res.stem-(q)omæ	perfectoid			resultative stem	-(q)omæ	copula	full		stem	analytic	resultative	current relevance		2	2	res, cr	Khinalug	Khinalug	khin1240	41.18014	48.05714	Khinalug	glottolog point Khinalugh	Also expresses spatial deixis “lower than the speaker”. As a result, it does not combine with first person (see page 169 on Present Definite II).		Kibrik, Alexander E., Sandro V. Kodzasov & I. P. Olovjannikova. 1972. Fragmenty grammatiki xinalugskogo jazyka [Fragments of the grammar of Khinalug]. Moscow: Izdatel’stvo Moskovskogo Universiteta.
res.stem-athmæ	perfectoid			resultative stem	-athmæ	copula	full		stem	analytic	resultative	current relevance		2	2	res, cr	Khinalug	Khinalug	khin1240	41.18014	48.05714	Khinalug	glottolog point Khinalugh			Kibrik, Alexander E., Sandro V. Kodzasov & I. P. Olovjannikova. 1972. Fragmenty grammatiki xinalugskogo jazyka [Fragments of the grammar of Khinalug]. Moscow: Izdatel’stvo Moskovskogo Universiteta.
-un	perfectoid	unwitnessed	-un	perfective converb		no auxiliary	no auxiliary		converb	synthetic				1	2	evidential	Xvarshi	Inkhoqwari	khva1239	42.410888	46.044877	Tsezic	glottolog point Inxokvari			Khalilova, Zaira A. 2011. ‘Evidentiality in Tsezic languages’. Linguistic Discovery 9(2), 30-48.
-un goli 	perfectoid		-un 	perfective converb	goli	copula	full		converb	analytic	resultative			1	2	res	Xvarshi	Inkhoqwari	khva1239	42.410888	46.044877	Tsezic	glottolog point Inxokvari	There is also a difficult to evaluate General Resultative Tense with a present tense auxiliary and a future-like meaning. 		Khalilova, Zaira A. 2009. A grammar of Khwarshi. Utrecht/Leiden: Dissertation.
džija-cm	perfectoid		džija-cm < -dži		ja-cm	copula	reduced	perfective	converb	synthetic	resultative			1	2	res	Kryz	Alyk	kryt1240	41.1775	48.23694	Lezgic	village Alyk			Maisak, Timur A. To appear. ‘Structural and functional variations of the perfect in Lezgic languages’. Kristin Melum Eide & Mark Fryd (eds.) The Perfect Volume. Amsterdam: John Benjamins.
dža	perfectoid		dža < -dži		ja-cm	copula	reduced	perfective	converb	synthetic	resultative	current relevance	experiential	3	2	res, cr	Kryz	Alyk	kryt1240	41.1775	48.23694	Lezgic	village Alyk			Maisak, Timur A. To appear. ‘Structural and functional variations of the perfect in Lezgic languages’. Kristin Melum Eide & Mark Fryd (eds.) The Perfect Volume. Amsterdam: John Benjamins.
-ʁAn-[person]	perfectoid	unwitnessed	-ʁAn-[person]	past participle		no auxiliary	no auxiliary		participle	synthetic	resultative	current relevance		3	2	res, cr, evidential	Kumyk	Kumyk	kumy1244	43	47	Turkic	glottolog point Kumyk			Johanson, Lars. 2018. ‘Turkic indirectivity’. Alexandra Y. Aikhenvald (ed.) The Oxford handbook of evidentiality. Oxford: Oxford University Press, 510-524.; Abdullaeva, Ajšat Z., Nurmagomed É. Gadžiaxmedov, Kalsyn S. Kadyradžiev, Ibragim A. Kerimov, Nurammat X. Ol’mesov, Džangiši M. Xangišiev. 2014. Sovremennyj kumykskij jazyk [The contemporary Kumyk language]. Makhachkala: IJaLI.
-Ip tur-a 	perfectoid		-Ip	past converb	tur-a	auxiliary	full		converb	analytic		current relevance		1	2	cr	Kumyk	Kumyk	kumy1244	43	47	Turkic	glottolog point Kumyk			Johanson, Lars. 2018. ‘Turkic indirectivity’. Alexandra Y. Aikhenvald (ed.) The Oxford handbook of evidentiality. Oxford: Oxford University Press, 510-524.; Abdullaeva, Ajšat Z., Nurmagomed É. Gadžiaxmedov, Kalsyn S. Kadyradžiev, Ibragim A. Kerimov, Nurammat X. Ol’mesov, Džangiši M. Xangišiev. 2014. Sovremennyj kumykskij jazyk [The contemporary Kumyk language]. Makhachkala: IJaLI.
-unu cm-ur 	perfectoid	unwitnessed	-unu 	past gerund	cm-ur	copula	full		converb	analytic		current relevance		2	1	cr, evidential	Lak	Lak	lakk1252	42.13275	47.0809	Lak	glottolog point Lak	Interpretation (at least for transitive verbs) depends on case form of the subject. According to Friedman (1984) there is no “pure resultative” in Lak.		Friedman, Victor A. 2007. ‘The expression of speaker subjectivity in Lak (Daghestan)’. Zlata Guentchéva & John Landabaru (eds.) L'énonciation médiatisée II. Le traitement épistémologique de l'information:  illustrations amérindiennes et caucasiennes. Louvain/Paris: Peeters, 351-376.
-nwa	perfectoid		-nwa < -na 		awa 	copula	reduced	perfective	converb	synthetic	resultative	current relevance		2	1	res, cr	Lezgian	Lezgian	lezg1247	41.51572	47.89507	Lezgic	glottolog point Lezgian	Auxiliary ‘be in’.		Maisak, Timur A. To appear. ‘Structural and functional variations of the perfect in Lezgic languages’. Kristin Melum Eide & Mark Fryd (eds.) The Perfect Volume. Amsterdam: John Benjamins.; Greed, Teija. 2017. Evidential coding in Lezgi. Languages of the Caucasus. Volume 2, issue 0 <https://escholarship.org/uc/languagesofcaucasus>.
-Ip(tI)-[person]	perfectoid	unwitnessed	-Ip(tI)-[person] < -Ip 	past converb	tur-a	auxiliary	reduced		converb	synthetic	resultative	current relevance		1	2	res, cr, evidential	Nogai	Nogai	noga1249	43.59168	46.66178	Turkic	glottolog point Nogai	Is said to originate from converb -Ib + auxiliary tur-ur ‘stands’.		Johanson, Lars. 2018. ‘Turkic indirectivity’. Alexandra Y. Aikhenvald (ed.) The Oxford handbook of evidentiality. Oxford: Oxford University Press, 510-524.; Nikolaj A. Baskakov. 1940. Nogajskij jazyk i ego dialekty. Grammatika, teksty i slovar’ [The Nogai language and its dialects. Grammar, texts and dictionary]. Leningrad: Izdatel’stvo akademii nauk SSSR.
-ʁAn-[person]	perfectoid	unwitnessed	-ʁAn-[person]	past participle		no auxiliary	no auxiliary		participle	synthetic	resultative	current relevance		2	2	res, cr, evidential	Nogai	Nogai	noga1249	43.59168	46.66178	Turkic	glottolog point Nogai	No evidential meaning according to Baskakov (1940), though it seems to appear as a narrative tense in the fairy tales he recorded.		Johanson, Lars. 2018. ‘Turkic indirectivity’. Alexandra Y. Aikhenvald (ed.) The Oxford handbook of evidentiality. Oxford: Oxford University Press, 510-524.; Nikolaj A. Baskakov. 1940. Nogajskij jazyk i ego dialekty. Grammatika, teksty i slovar’ [The Nogai language and its dialects. Grammar, texts and dictionary]. Leningrad: Izdatel’stvo akademii nauk SSSR.
-d i 	perfectoid		-d 	perfective participle	i	copula	full	perfective	participle	analytic			experiential	1	2	cr	Rutul	Rutul	rutu1240	41.61866	47.32436	Lezgic	glottolog point Rutul			Maisak, Timur A. To appear. ‘Structural and functional variations of the perfect in Lezgic languages’. Kristin Melum Eide & Mark Fryd (eds.) The Perfect Volume. Amsterdam: John Benjamins.
pf.stem a // ʔa	perfectoid			perfective stem	a // ʔa	copula	full	perfective	converb	analytic	resultative	current relevance		2	2	res, cr	Rutul	Rutul	rutu1240	41.61866	47.32436	Lezgic	glottolog point Rutul	Converb is equal to perfective stem.		Maisak, Timur A. To appear. ‘Structural and functional variations of the perfect in Lezgic languages’. Kristin Melum Eide & Mark Fryd (eds.) The Perfect Volume. Amsterdam: John Benjamins.
-na	perfectoid		-na < -un 		a	copula	reduced	perfective	converb	synthetic	resultative	current relevance		2	1	res, cr	Tabasaran	Tabasaran	taba1259	42.01976	47.83791	Lezgic	glottolog point Tabasaran			Maisak, Timur A. To appear. ‘Structural and functional variations of the perfect in Lezgic languages’. Kristin Melum Eide & Mark Fryd (eds.) The Perfect Volume. Amsterdam: John Benjamins.
-(w)oː	perfectoid	unwitnessed	-(w)oː < o 	past converb / witnessed past	ija	copula	reduced	bare	converb	synthetic	resultative			2	1	res, evidential	Tindi	Tindi	tind1238	42.454716	46.13469	Andic	village Tindi	Copula reappears in negation. Converb is equal to Past.		Magomedova, Patimat T. 2012. Tindinskij jazyk [The Tindi language]. Makhachkala: IJaLI.; Authier, Gilles (Unpublished).
pf.stem wo-cm-un	perfectoid		prf.stem	perfective stem	wo-cm-un	copula	full	perfective	converb	analytic	resultative	current relevance		2	2	res, cr	Tsakhur	Mishlesh	tsak1249	41.6649	47.089775	Lezgic	village Mishlesh	Converb is equal to perfective stem and Aorist.		Maisak, Timur A. To appear. ‘Structural and functional variations of the perfect in Lezgic languages’. Kristin Melum Eide & Mark Fryd (eds.) The Perfect Volume. Amsterdam: John Benjamins.; Maisak, Timur A. & Sergei G. Tatevosov. 2007. ‘Beyond evidentiality and mirativity: evidence from Tsakhur’. Zlata Guentchéva & John Landabaru (eds.) L'énonciation médiatisée II. Le traitement épistémologique de l'information:  illustrations amérindiennes et caucasiennes. Louvain/Paris: Peeters, 377-406.
pf.stem wo-cm	perfectoid	unwitnessed	prf.stem	perfective stem	wo-cm	copula	full	perfective	converb	analytic	resultative	current relevance		3	2	res, cr, evidential	Tsakhur	Mishlesh	tsak1249	41.6649	47.089775	Lezgic	village Mishlesh	Converb is equal to perfective stem and Aorist.		Maisak, Timur A. To appear. ‘Structural and functional variations of the perfect in Lezgic languages’. Kristin Melum Eide & Mark Fryd (eds.) The Perfect Volume. Amsterdam: John Benjamins.; Maisak, Timur A. & Sergei G. Tatevosov. 2007. ‘Beyond evidentiality and mirativity: evidence from Tsakhur’. Zlata Guentchéva & John Landabaru (eds.) L'énonciation médiatisée II. Le traitement épistémologique de l'information:  illustrations amérindiennes et caucasiennes. Louvain/Paris: Peeters, 377-406.
-no/n	perfectoid	unwitnessed	-no/n	perfective converb		no auxiliary	defective		converb	synthetic				1	1	evidential	Tsez	Tsez	dido1241	42.26458	45.80959	Tsezic	glottolog point Tsez	Copula reappears under negation.		Khalilova, Zaira A. 2011. ‘Evidentiality in Tsezic languages’. Linguistic Discovery 9(2), 30-48.
-e=[person]	suffix		-e=[person]			no auxiliary	no auxiliary	perfective	unclear	synthetic	resultative	current relevance	experiential	3	2	res, cr	Udi	Udi	udii1243	40.94	47.66833	Lezgic	village Nizh	Reconstructed as analytic by Maisak (2018: 158), based on negation. Reconstructed form of the lexical verb is the form in -i, which functions as Aorist, Perfective Participle and Aorist Converb.		Maisak, Timur. 2018. ‘The Aorist/Perfect distinction in Nizh Udi’. In Diana Forker & Timur Maisak (eds.) The semantics of verbal categories in Nakh-Daghestanian languages. Leiden/Boston: Brill, 120-165.
<person>-ijo	perfectoid		<person>-ijo	substantivized participle		no auxiliary	no auxiliary	perfective	participle	synthetic	resultative	current relevance	experiential	3	2	res, cr	Udi	Udi	udii1243	40.94	47.66833	Lezgic	village Nizh			Maisak, Timur A. 2016. ‘Perfekt i aorist v nidžskom dialekte udinskogo jazyka’ [The perfect and aorist in the Nizh dialect of Udi].’ Timur A. Maisak, Vladimir A. Plungian, Ksenia P. Semënova (eds.) Tipologija perfekta [Typology of the perfect]. St.-Petersburg: Nauka, 315-378.
