survey	id	sentence_nr	context	sentence	translat_original	translit_morph	gloss	translation	target_verb	target_trans	expected	given	speaker	idiom	language	gender	birthyear	date	comment
es	1	1	Вы шли по улице, как вдруг увидели бегущего молодого человека, с дамской сумкой на руках, за которым бегут два полицейских. Вы видите, как полицейские его в конце концов догоняют и арестовывают. На следующий день вы встречаете соседа и рассказываете о том, что видели:	Иду я вчера по улице, и вдруг мимо меня бежит молодой парень, а за ним полицейские. Он быстро бежал, но в конце концов они его поймали.	сса ду кьакьалегьер тевал вяяттиди. ца замана дила  шшаллиццир тевал вебшшибли вяятти ца жагьил дурх1у лев. гьилигьа полицейскийти ттибухъунниди. ил ц1якьил дуц1ик1улди, бегьелра, ил полицейскийталли уциб.	sːa du q'aq'a-lehe-r teval webšː-ib-li waa-ti ca žahil durħu le-w. hil iha policejskij-ti tːi-b-uq-un-ni-di. il c'aq'il duc'ik'ul-di behelra, il policejskijt-alli uc-ib.	yesterday 1sg.erg street.post-el that_way.adv go.ptcp-pst one time 1sg.gen side.in-el that_way.adv run.pfv-pret-cvb go-ptcp one young guy be.here. dem-postlative policeman-pl after-iii.pl=chase-pret-cvb-pst. dem fast run.ipfv.pst nonetheless dem police-erg.pl catch-pst	Вчера я шел по улице. Как-то раз помимо меня бежит один молодой парень. За ним гнались полицейские. Он быстро бежал, но тем не менее полицейские его поймали.	поймали	uc-ib	past	past	1	Itsari	Dargwa	M	1961	3.2016	Нельзя заменить uc-ib (aor) перфектом, потому что это бы означило что говорящий сам не видел, а он видел.
es	2	2	Вернувшись домой, вы сразу чувствуете запах тухлого мяса, которое, наверное, где-то на кухне. Ясно, что мясо испортилось. Как вы бы сказали жене:	Эх, жена, мясо протухло! Другая еда есть?	ва дила риккан хьхьунул, цел, кухнялиб диг кквяг1бигуцаб, цара хурейг-цик1ал баакку?	wa dila r-ikːan xːunul, cel, kuxnjali-b dig kːwяʔbih-ub-ca-b cara xurejq-cik'al b-aakː-u?	hey 1sg.gen f-beloved wife, somehow kitchen-ess meat spoil-pret-cop-n other food-some_kind n-not.be-3sg.prs	Эй, моя любимая жена почему-то на кухне появляется/появилось запах испорченного мяса. Нет ли какая-нидудь другая еда?	протухло	kːwяʔbih-ub-ca-b	perfect	perfect	1	Itsari	Dargwa	M	1961	3.2016	Можно также аорист, но перфект более вежлив. Используя перфект, говорящий как бы “приглашает” жену признаться, что мясо сгорело, имплицируя, что она сама уже знает. (Говорящий также отметил, что есть очень много вариантов как перевести это предложение.)
es	3	3	Вы и знакомый встречаете в лесу человека, который спит на только что снятой шкуре медведя. Рядом лежит свежая туша. Как вы скажете своему знакомому:	Он убил медведя, а ведь охота запрещена.	гьижил ссика кабихьубликьал г1яяр вахьарай кьалли ихтияр баакку гьана?	hi-žil sːika kabix-ub-li-q'al ʔaag waxaraj q'alli ixtijar b-aakː-u hana	dem-erg bear kill-pret-cvb-mir hunt go.inf ptc permission n-not.be-3sg.prs now	Оказывается этот же убил медведя! А сейчас же нет разрешения ходить на охоту?	убил	kabix-ub-li-q'al	perfect	past	1	Itsari	Dargwa	M	1961	3.2016	Вместо =q'al (mir.ptc) можно =ca-cm (pf). Значение =ca-cm --- “оказывается”, а =q'al --- “оказывается” + удивление. Говорящий объясняет выбор тем, что в данном случае неожиданный, но явный результат на глазах.
es	4	4	Вы просыпаетесь и смотрите из окна. Вчера ваша жена попросила сегодня сходить на рынок, а вы, смотря из окна видите, что на улице все мокро. Как вы в таком случае сказали бы:	Ночью был дождь, я никуда не пойду, нет хорошей обуви.	дуччи  марка бяркьибли бужибцаб, ду чинак1ал вяяттейккви, дила г1яххял ттаппри даакку. 	dučːi marka barq'-ib-li b-už-ib=ca-b du činak'al waat-ejkːw-i dila ʔaxːal tːapːri d-aakː-u	night rain make.pfv-pret-cvb n-stay-pret=aux-n 1sg somewhere go-neg.aux-1sg 1sg.gen good shoes pl-not.be-1.prs	Ночью был дождь, кажется, я никуда не иду, у меня нет хорошей обуви.	был	barq'-ib-li b-už-ib=ca-b	perfect	other	1	Itsari	Dargwa	M	1961	3.2016	Опираясь на контекст, данный мной, два варианта возможны: Перфект если жена еще не смотрела из окна и не видела что дождь шел. Аорист если она уже в курсе.
es	5	4	Вы просыпаетесь и смотрите из окна. Вчера ваша жена попросила сегодня сходить на рынок, а вы, смотря из окна видите, что на улице все мокро. Как вы в таком случае сказали бы:	Ночью был дождь, я никуда не пойду, нет хорошей обуви.	дуччи  марка бяркьиб, ду чинак1ал вяяттейккви, дила г1яххял ттаппри даакку. 	dučːi marka barq'-ib du činak'al waat-ejkːw-i dila ʔaxːal tːapːri d-aakː-u	night rain make.pfv-pret-cvb n-stay-pret=aux-n 1sg somewhere go-neg.aux-1sg 1sg.gen good shoes pl-not.be-1.prs	Ночью был дождь, кажется, я никуда не иду, у меня нет хорошей обуви.	был	barq'-ib	perfect	past	1	Itsari	Dargwa	M	1961	3.2016	Опираясь на контекст, данный мной, два варианта возможны: Перфект если жена еще не смотрела из окна и не видела что дождь шел. Аорист если она уже в курсе.
es	6	5	Вы спали и во сне перевернули стакан с водой, стоявший возле кровати. Вы просыпаетесь и видите лужу на полу. Как вы скажете:	Эй, жена (дочка), (оказывается) я пролил воду, вытри, пожалуйста.	ва хьхьунул, дуччи вишшибли вигалли, дул исттикан кабичяхъибли ужиблида гьин ттураэрт1ибцад, губ бушкин миссила.	wa χːunul, dučːi wišː-ib-li w-igal-li, dul istːikan kabič-aq-ib-li už-ib-li-da hin tːura-ert'-ib=ca-d gu-b b-ušk-in misːila	hey wife, night sleep-pret-cvb m-stay-cvb 1sg.erg glass fall-caus-pret-cvb be-pret-cvb-1sg water outside-pour.pfv-pret=cop-3pl down-n n-clean-imp floor		пролил	kabič-aq-ib-li už-ib-li-da; tːura-ert'-ib=ca-d	perfect	other; perfect	1	Itsari	Dargwa	M	1961	3.2016	
es	7	6	Вы видите на улице много милиции. Вы спрашиваете у прохожего – почему? Он говорит, что в город приехали важные гости. Вы приходите домой и говорите жене:	В город приехало начальство, лучше посидеть дома.	ва хьхьунул, шагьаррицци бехъел х1якимти сабягъибли леб бик1вар гьелий хъил карижибли ругуттидил, г1ях1ил-ди.	wa xːunul, šahar-ri-cːi b-eqel ħakim-ti sa-b-aʁ-ib-li le-b b-ik'w-ar helij qil ka-r-iž-ib-li r-ug-utːi-dil ʔaħil-di 	hey wife, city-in.lat hpl-many official-pl prev-hpl-go.pfv-pret-cvb be.here-hpl hpl-say-hab therefore at_home prev-f-sit_down.pfv-pret-cvb f-be-prs.cvb-pst.cond good-pst 		приехало	sa-b-aʁ-ib-li le-b b-ik'w-ar	perfect	other	1	Itsari	Dargwa	M	1961	3.2016	Аналитическая конструкция с деепричастием и со вспомогательным глаголом le-b (here.is) и с добавлением маркера репортативности: остывшая форма глагола b-ik'ʷ-ar (cm-say-hab). Маркер можно сочетать с перфектом, а с аористом нельзя, потому что аорист значит, что говорящий сам видел. 
es	8	7	В конце января по телевизору в Махачкале сообщили, что в Москве шел снег. Возвращаясь в село, вы говорите водителю маршрутки:	В Москве снова снег, значит, у нас через неделю тоже будет.	маскавлиб нара ду1х1ил бусацаб бик1вар гьелий нишшала ишттубра ца жумяг1лир дух1и бууранни.	maskwa-li-b na=ra duˁħi-l b-usa=ca-b b-ik'ʷ-ar helij nišː-ala ištːu-b=ra ca žumaʔ-lir duħi b-uːr-an-ni	moscow-sup-ess now=add snow-erg n-go-prs.cvb=cop-n n-say-hab therefore firstpl.gen hither-n=add one week-el snow n-be-cvb-fut		снег	b-usa=ca-b b-ik'ʷ-ar	perfect	other	1	Itsari	Dargwa	M	1961	3.2016	
es	9	8	Вас спрашивают какое у вас мнение о новом главе района. Лично вы его не знаете, но люди отзываются о нем хорошо. Как вы скажете:	Говорят, он честный человек. Но один честный человек ничего не изменит.	гьана ссаккал кейжибци адми х1ялалци цав бик1вар амма ца вархьци адмил цик1ал барсбаркьуй виреерар.	hana sːakːa-l ke-j-ž-ib-ci admi ħalal-ci ca-w b-ik'ʷ-ar amma ca w-arx-ci admi-l cik'al b-ars-b-arq'-uj w-ir-eːr-ar	now new-adv prev-m-sit_down-pret-atr person honest-atr cop-m n-say-hab but one m-straight-atr person-erg something n-change-n-make-inf m-can-neg-hab		честный человек	ħalal-ci ca-w b-ik'ʷ-ar	other	other	1	Itsari	Dargwa	M	1961	3.2016	Вспомогательный глагол ca-w (имеется) используется потому что здесь прилагательное (честный – х1ялалци).
es	10	9	К вам приехал двоюродный брат из города, которого вы уже очень давно не видели. Он спрашивает, «Какие новости?» а вы ему расскажете о событиях у вас:	В соседнем селе школу разрушили, а у нас тут у соседей дочка родилась.	валлагь, зунриппалла шшицциб маркналли ушкул зеебяркьибцаб нишшала зунрала рирсси ряркьибцар	wallah, zun-ripp-alla šːi-cːi-b mark-n-alli uškul zee-b-arq-ib=ca-b niš-ala zunra-la rirsːi r-arq'-ib=ca-r 	by_god, neighbor-pl-gen village-in-ess rain-pl-erg school spoil-n-make-pret=cop-n 1pl-gen neighbor-gen girl f-make-pret=cop-f 		разрушили	zee-b-arq-ib=ca-b	perfect	perfect	1	Itsari	Dargwa	M	1961	3.2016	Здесь перфект можно заменить и аористом. Большая разница в значении не ощущается.
es	11	9	К вам приехал двоюродный брат из города, которого вы уже очень давно не видели. Он спрашивает, «Какие новости?» а вы ему расскажете о событиях у вас:	В соседнем селе школу разрушили, а у нас тут у соседей дочка родилась.	валлагь, зунриппалла шшицциб маркналли ушкул зеебяркьибцаб нишшала зунрала рирсси ряркьибцар	wallah, zun-ripp-alla šːi-cːi-b mark-n-alli uškul zee-b-arq-ib=ca-b niš-ala zunra-la rirsːi r-arq'-ib=ca-r 	by_god, neighbor-pl-gen village-in-ess rain-pl-erg school spoil-n-make-pret=cop-n 1pl-gen neighbor-gen girl f-make-pret=cop-f 		родилась	r-arq'-ib=ca-r 	perfect	perfect	1	Itsari	Dargwa	M	1961	3.2016	Здесь перфект можно заменить и аористом. Большая разница в значении не ощущается.
es	14	1	Вы шли по улице, как вдруг увидели бегущего молодого человека, с дамской сумкой на руках, за которым бегут два полицейских. Вы видите, как полицейские его в конце концов догоняют и арестовывают. На следующий день вы встречаете соседа и рассказываете о том, что видели:	Иду я вчера по улице, и вдруг мимо меня бежит молодой парень, а за ним полицейские. Он быстро бежал, но в конце концов они его поймали.		naɢa zɨ kuče nati jiʔij, sadaχustɨ iz-dɨ begitatiʔ sa džihil gada jaʁ-ɨr aj, džɨbra qʷar palicejski quna. had dirina jaʁ-ɨr aj, exir palicejski-eše xaɢɨr	yesterday 1sg street on cop.prs suddenly 1sg-gen past one young guy run-ipfv.cvb cop.pst behind two policeman after he quick run-ipfv.cvb cop.pst finally policeman-erg.pl catch.aor 		поймали	xaɢɨr	past	past	1	Kina	Rutul	M	unknown	7.2016	
es	15	2	Вернувшись домой, вы сразу чувствуете запах тухлого мяса, которое, наверное, где-то на кухне. Ясно, что мясо испортилось. Как вы бы сказали жене:	Эх, жена, мясо протухло! Другая еда есть?		aj ɢari, wɨ-dɨ jak č'iri.jiš-ir a! mad-dɨ iles-dɨ adišma?	hey wife, 2sg-atr meat bad.become-pfv.cvb cop other-atr food-atr cop.neg		протухло	č'iri.jiš-ir a	perfect	perfect	1	Kina	Rutul	M	unknown	7.2016	
es	16	3	Вы и знакомый встречаете в лесу человека, который спит на только что снятой шкуре медведя. Рядом лежит свежая туша. Как вы скажете своему знакомому:	Он убил медведя, а ведь охота запрещена.		mi-nɨw si jɨwx-ɨr a, ha-bɨr jelx-ɨs ixtijar adiš.	dem-erg bear shoot-pfv.cvb cop, dem-pl shoot-inf permision cop.neg		убил	jɨwx-ɨr a	perfect	perfect	1	Kina	Rutul	M	unknown	7.2016	
es	17	3	Вы и знакомый встречаете в лесу человека, который спит на только что снятой шкуре медведя. Рядом лежит свежая туша. Как вы скажете своему знакомому:	Он убил медведя, а ведь охота запрещена.		mi-nɨw si jɨwx-ɨr ad-kal jiʔi, habɨr jelxʔ-ɨs ixtijar adiš	dem-erg bear shoot-pfv.cvb cop.prs.ptcp-mir cop, dem-pl shoot-inf permission cop.neg		убил	jɨwx-ɨr ad-kal jiʔi	perfect	other	1	Kina	Rutul	M	unknown	7.2016	
es	18	4	Вы просыпаетесь и смотрите из окна. Вчера ваша жена попросила сегодня сходить на рынок, а вы, смотря из окна видите, что на улице все мокро. Как вы в таком случае сказали бы:	Ночью был дождь, я никуда не пойду, нет хорошей обуви.		jüše luʁ-ur a, za-xda ɢilidɨ-bɨr adiš, zɨ hillenna ruʔus diš	night rain_fall-pfv.cvb cop 1sg-apud shoe-pl cop.neg 1sg nowhere go.inf cop.neg		был	luʁ-ur a	perfect	perfect	1	Kina	Rutul	M	unknown	7.2016	
es	19	5	Вы спали и во сне перевернули стакан с водой, стоявший возле кровати. Вы просыпаетесь и видите лужу на полу. Как вы скажете:	Эй, жена (дочка), (оказывается) я пролил воду, вытри, пожалуйста.		aj ɢari, za-daa xed sasedč'-ur a, tamɨzda	hey wife, 1sg-? water pour_out-pfv.cvb cop wipe_off.imp		пролил	sasedč'-ur a	perfect	perfect	1	Kina	Rutul	M	unknown	7.2016	
es	20	5	Вы спали и во сне перевернули стакан с водой, стоявший возле кровати. Вы просыпаетесь и видите лужу на полу. Как вы скажете:	Эй, жена (дочка), (оказывается) я пролил воду, вытри, пожалуйста.		aj ɢari, za-daa xed sasedč'-ur aj=xje, tamɨzda.	hey wife, 1sg-? water pour_out-pfv.cvb cop=ptc wipe_off.imp		пролил	sasedč'-ur aj=xje	perfect	other	1	Kina	Rutul	M	unknown	7.2016	
es	21	6	Вы видите на улице много милиции. Вы спрашиваете у прохожего – почему? Он говорит, что в город приехали важные гости. Вы приходите домой и говорите жене:	В город приехало начальство, лучше посидеть дома.		šeher-de q'ixtɨ-bɨr jidq'-ɨr a=xʷa zɨ ɣiɣa xal-a suqus-ɨ	city-? official-pl come-pfv.cvb cop=rep 1sg today house-in sit-fut		приехало	jidq'-ɨr a=xʷa	perfect	perfect	1	Kina	Rutul	M	unknown	7.2016	
es	22	7	В конце января по телевизору в Махачкале сообщили, что в Москве шел снег. Возвращаясь в село, вы говорите водителю маршрутки:	В Москве снова снег, значит, у нас через неделю тоже будет.		maskow-de jiz luʁ-ur a, sa haˁftijila mijxa huɣas-i	moscow-? snow fall-pfv.cvb cop one week here go-fut		снег	luʁ-ur a	perfect	perfect	1	Kina	Rutul	M	unknown	7.2016	
es	23	8	Вас спрашивают какое у вас мнение о новом главе района. Лично вы его не знаете, но люди отзываются о нем хорошо. Как вы скажете:	Говорят, он честный человек. Но один честный человек ничего не изменит.		hɨxtɨ edemi jiʔi-xʷa sa hɨxtɨ edemi-era šešun haʔas diš	good person cop=rep one good person-erg nothing do.inf cop.neg 		честный человек	jiʔi-xʷa	other	other	1	Kina	Rutul	M	unknown	7.2016	
es	24	9	К вам приехал двоюродный брат из города, которого вы уже очень давно не видели. Он спрашивает, «Какие новости?» а вы ему расскажете о событиях у вас:	В соседнем селе школу разрушили, а у нас тут у соседей дочка родилась.		ɢumši mˁuq-a mextab luwk-ur a, ɢumši-es rɨš riš-ir a	neighbor village-in school destory-pfv.cvb cop neighbor-dat daughter be_born-pfv.cvb cop		разрушили	luwk-ur a	perfect	perfect	1	Kina	Rutul	M	unknown	7.2016	
es	25	9	К вам приехал двоюродный брат из города, которого вы уже очень давно не видели. Он спрашивает, «Какие новости?» а вы ему расскажете о событиях у вас:	В соседнем селе школу разрушили, а у нас тут у соседей дочка родилась.		ɢumši mˁuq-a mextab luwk-ur a, ɢumši-es rɨš riš-ir a	neighbor village-in school destory-pfv.cvb cop neighbor-dat daughter be_born-pfv.cvb cop		родилась	riš-ir a	perfect	perfect	1	Kina	Rutul	M	unknown	7.2016	
es	26	10	Вы были у родственников в Махачкале и когда вы вернулись в село вам рассказывали о том, что произошло когда вас не было. Потом родственники вам звонят спросить как доехали, и вы перерассказываете следующую историю (перевести все предложения отдельно):	Мне рассказывали такую историю. В село приехали какие-то москвичи, корреспонденты говорили. А у нас в селе была свадьба, их тоже пригласили. И зашли они, покушали. Даже лезгинку танцевали.		za-s hɨʔ-ɨr aj misad extiled. muˁq'-aˁ jidʁ-ɨr a moskow-dja-dɨ hušer-idjen. karrespandent-aše, ruʁʷ-ar aj. ix-dɨ dawad(bɨr) aj. habiše-xta seswɨʔ-ɨr. habɨr a jidʁ-ɨr, ilesdɨ-bɨr liʔ-ir. lezginka-xa hɨʔ-ɨr aj. 	1sg-erg do-pfv.cvb cop.pst ? story. village-in come-pfv.cvb cop moscow-?-atr ?-? journalist-erg.pl say-ipfv.cvb cop.pst. 1pl-gen wedding cop.pst. dem.pl-? call-aor. dem.pl cop come-aor food-pl eat-aor. lezginka-ptc do-pfv.cvb cop.pst		рассказывали	hɨʔ-ɨr aj	past	other	2	Kina	Rutul	M	?	7.2016	
es	27	10	Вы были у родственников в Махачкале и когда вы вернулись в село вам рассказывали о том, что произошло когда вас не было. Потом родственники вам звонят спросить как доехали, и вы перерассказываете следующую историю (перевести все предложения отдельно):	Мне рассказывали такую историю. В село приехали какие-то москвичи, корреспонденты говорили. А у нас в селе была свадьба, их тоже пригласили. И зашли они, покушали. Даже лезгинку танцевали.		za-s hɨʔ-ɨr aj misad extiled. muˁq'-aˁ jidʁ-ɨr a moskow-dja-dɨ hušer-idjen. karrespandent-aše, ruʁʷ-ar aj. ix-dɨ dawad(bɨr) aj. habiše-xta seswɨʔ-ɨr. habɨr a jidʁ-ɨr, ilesdɨ-bɨr liʔ-ir. lezginka-xa hɨʔ-ɨr aj. 	1sg-erg do-pfv.cvb cop.pst ? story. village-in come-pfv.cvb cop moscow-?-atr ?-? journalist-erg.pl say-ipfv.cvb cop.pst. 1pl-gen wedding cop.pst. dem.pl-? call-aor. dem.pl cop come-aor food-pl eat-aor. lezginka-ptc do-pfv.cvb cop.pst		приехали	jidʁ-ɨr a	perfect	perfect	2	Kina	Rutul	M	?	7.2016	
es	28	10	Вы были у родственников в Махачкале и когда вы вернулись в село вам рассказывали о том, что произошло когда вас не было. Потом родственники вам звонят спросить как доехали, и вы перерассказываете следующую историю (перевести все предложения отдельно):	Мне рассказывали такую историю. В село приехали какие-то москвичи, корреспонденты говорили. А у нас в селе была свадьба, их тоже пригласили. И зашли они, покушали. Даже лезгинку танцевали.		za-s hɨʔ-ɨr aj misad extiled. muˁq'-aˁ jidʁ-ɨr a moskow-dja-dɨ hušer-idjen. karrespandent-aše, ruʁʷ-ar aj. ix-dɨ dawad(bɨr) aj. habiše-xta seswɨʔ-ɨr. habɨr a jidʁ-ɨr, ilesdɨ-bɨr liʔ-ir. lezginka-xa hɨʔ-ɨr aj. 	1sg-erg do-pfv.cvb cop.pst ? story. village-in come-pfv.cvb cop moscow-?-atr ?-? journalist-erg.pl say-ipfv.cvb cop.pst. 1pl-gen wedding cop.pst. dem.pl-? call-aor. dem.pl cop come-aor food-pl eat-aor. lezginka-ptc do-pfv.cvb cop.pst		говорили	ruʁʷ-ar aj	perfect	other	2	Kina	Rutul	M	?	7.2016	
es	29	10	Вы были у родственников в Махачкале и когда вы вернулись в село вам рассказывали о том, что произошло когда вас не было. Потом родственники вам звонят спросить как доехали, и вы перерассказываете следующую историю (перевести все предложения отдельно):	Мне рассказывали такую историю. В село приехали какие-то москвичи, корреспонденты говорили. А у нас в селе была свадьба, их тоже пригласили. И зашли они, покушали. Даже лезгинку танцевали.		za-s hɨʔ-ɨr aj misad extiled. muˁq'-aˁ jidʁ-ɨr a moskow-dja-dɨ hušer-idjen. karrespandent-aše, ruʁʷ-ar aj. ix-dɨ dawad(bɨr) aj. habiše-xta seswɨʔ-ɨr. habɨr a jidʁ-ɨr, ilesdɨ-bɨr liʔ-ir. lezginka-xa hɨʔ-ɨr aj. 	1sg-erg do-pfv.cvb cop.pst ? story. village-in come-pfv.cvb cop moscow-?-atr ?-? journalist-erg.pl say-ipfv.cvb cop.pst. 1pl-gen wedding cop.pst. dem.pl-? call-aor. dem.pl cop come-aor food-pl eat-aor. lezginka-ptc do-pfv.cvb cop.pst		была	aj	perfect	other	2	Kina	Rutul	M	?	7.2016	
es	30	10	Вы были у родственников в Махачкале и когда вы вернулись в село вам рассказывали о том, что произошло когда вас не было. Потом родственники вам звонят спросить как доехали, и вы перерассказываете следующую историю (перевести все предложения отдельно):	Мне рассказывали такую историю. В село приехали какие-то москвичи, корреспонденты говорили. А у нас в селе была свадьба, их тоже пригласили. И зашли они, покушали. Даже лезгинку танцевали.		za-s hɨʔ-ɨr aj misad extiled. muˁq'-aˁ jidʁ-ɨr a moskow-dja-dɨ hušer-idjen. karrespandent-aše, ruʁʷ-ar aj. ix-dɨ dawad(bɨr) aj. habiše-xta seswɨʔ-ɨr. habɨr a jidʁ-ɨr, ilesdɨ-bɨr liʔ-ir. lezginka-xa hɨʔ-ɨr aj. 	1sg-erg do-pfv.cvb cop.pst ? story. village-in come-pfv.cvb cop moscow-?-atr ?-? journalist-erg.pl say-ipfv.cvb cop.pst. 1pl-gen wedding cop.pst. dem.pl-? call-aor. dem.pl cop come-aor food-pl eat-aor. lezginka-ptc do-pfv.cvb cop.pst		пригласили	seswɨʔ-ɨr	perfect	past	2	Kina	Rutul	M	?	7.2016	
es	31	10	Вы были у родственников в Махачкале и когда вы вернулись в село вам рассказывали о том, что произошло когда вас не было. Потом родственники вам звонят спросить как доехали, и вы перерассказываете следующую историю (перевести все предложения отдельно):	Мне рассказывали такую историю. В село приехали какие-то москвичи, корреспонденты говорили. А у нас в селе была свадьба, их тоже пригласили. И зашли они, покушали. Даже лезгинку танцевали.		za-s hɨʔ-ɨr aj misad extiled. muˁq'-aˁ jidʁ-ɨr a moskow-dja-dɨ hušer-idjen. karrespandent-aše, ruʁʷ-ar aj. ix-dɨ dawad(bɨr) aj. habiše-xta seswɨʔ-ɨr. habɨr a jidʁ-ɨr, ilesdɨ-bɨr liʔ-ir. lezginka-xa hɨʔ-ɨr aj. 	1sg-erg do-pfv.cvb cop.pst ? story. village-in come-pfv.cvb cop moscow-?-atr ?-? journalist-erg.pl say-ipfv.cvb cop.pst. 1pl-gen wedding cop.pst. dem.pl-? call-aor. dem.pl cop come-aor food-pl eat-aor. lezginka-ptc do-pfv.cvb cop.pst		зашли	a jidʁ-ɨr	perfect	unclear	2	Kina	Rutul	M	?	7.2016	
es	32	10	Вы были у родственников в Махачкале и когда вы вернулись в село вам рассказывали о том, что произошло когда вас не было. Потом родственники вам звонят спросить как доехали, и вы перерассказываете следующую историю (перевести все предложения отдельно):	Мне рассказывали такую историю. В село приехали какие-то москвичи, корреспонденты говорили. А у нас в селе была свадьба, их тоже пригласили. И зашли они, покушали. Даже лезгинку танцевали.		za-s hɨʔ-ɨr aj misad extiled. muˁq'-aˁ jidʁ-ɨr a moskow-dja-dɨ hušer-idjen. karrespandent-aše, ruʁʷ-ar aj. ix-dɨ dawad(bɨr) aj. habiše-xta seswɨʔ-ɨr. habɨr a jidʁ-ɨr, ilesdɨ-bɨr liʔ-ir. lezginka-xa hɨʔ-ɨr aj. 	1sg-erg do-pfv.cvb cop.pst ? story. village-in come-pfv.cvb cop moscow-?-atr ?-? journalist-erg.pl say-ipfv.cvb cop.pst. 1pl-gen wedding cop.pst. dem.pl-? call-aor. dem.pl cop come-aor food-pl eat-aor. lezginka-ptc do-pfv.cvb cop.pst		покушали	liʔ-ir	perfect	past	2	Kina	Rutul	M	?	7.2016	
es	33	10	Вы были у родственников в Махачкале и когда вы вернулись в село вам рассказывали о том, что произошло когда вас не было. Потом родственники вам звонят спросить как доехали, и вы перерассказываете следующую историю (перевести все предложения отдельно):	Мне рассказывали такую историю. В село приехали какие-то москвичи, корреспонденты говорили. А у нас в селе была свадьба, их тоже пригласили. И зашли они, покушали. Даже лезгинку танцевали.		za-s hɨʔ-ɨr aj misad extiled. muˁq'-aˁ jidʁ-ɨr a moskow-dja-dɨ hušer-idjen. karrespandent-aše, ruʁʷ-ar aj. ix-dɨ dawad(bɨr) aj. habiše-xta seswɨʔ-ɨr. habɨr a jidʁ-ɨr, ilesdɨ-bɨr liʔ-ir. lezginka-xa hɨʔ-ɨr aj. 	1sg-erg do-pfv.cvb cop.pst ? story. village-in come-pfv.cvb cop moscow-?-atr ?-? journalist-erg.pl say-ipfv.cvb cop.pst. 1pl-gen wedding cop.pst. dem.pl-? call-aor. dem.pl cop come-aor food-pl eat-aor. lezginka-ptc do-pfv.cvb cop.pst		танцевали	hɨʔ-ɨr aj	perfect	other	2	Kina	Rutul	M	?	7.2016	
es	34	1	Вы шли по улице, как вдруг увидели бегущего молодого человека, с дамской сумкой на руках, за которым бегут два полицейских. Вы видите, как полицейские его в конце концов догоняют и арестовывают. На следующий день вы встречаете соседку и рассказываете о том, что видели :	Иду я вчера по улице, и вдруг мимо меня бежит молодой парень, а за ним полицейские. Он быстро бежал , но в конце концов они его поймали.	сон къват1исан унаго дида аск1осан векерун ана г1олохъанав вас, гьесда хадув к1иго полицейский. г1олохъанав вас квешго векерулев вук1ана, кин, векераниги полициялъ гьев куна. 	son q’ʷat’isan unago dida ask’osan wekerun ana ʕoloqanaw was, hesda χaduw k’igo policejskij. ʕoloqanaw was kʷešgo wekerulew wuk’ana, kin, wekeranigi policijaɬ hew kuna.			поймали	kuna	past	past	1	?	Avar	F	?	9.2016	
es	35	2	Вы заходите в гости к сестре, и когда входите в дом вы сразу чувствуете запах тухлого мяса, которое, наверное, где-то на кухне. Ясно, что мясо испортилось. Как вы бы сказали сестре:	Эх, у тебя мясо протухло! Надо его выкинуть.	яц, дур рукъусан буго турараб гьанав маг1. гьан нахъе рехе.	jac, dur ruq’usan bugo turarab hanaw maʕ. han naqe reχe.			протухло	?	perfect	unclear	1	?	Avar	F	?	9.2016	
es	36	3	Вы пошли в лес вместе с сыном собирать ягоды, и там встречаете в лесу человека, который спит на только что снятой шкуре медведя. Рядом лежит свежая туша. Вы этим удивляетесь и говорите своему сыну	Он убил медведя, а ведь охота запрещена!	гьас ци ч1ван буго, амма ци ч1вазе бегьулеб бук1инч1о законалда рекъон.	has ci č’ʷan bugo, amma ci č’ʷaze behuleb buk’inč’o zakonalda req’on.			убил	č’ʷan bugo	perfect	perfect	1	?	Avar	F	?	9.2016	
es	37	4	Вы просыпаетесь и смотрите из окна. Вчера вы с мужем решили сегодня сходить на рынок, а вы, смотря из окна видите, что на улице все мокро. Как вы в таком случае сказали бы	Ночью был дождь, я никуда не пойду, нет хорошей обуви.	къаси бук1ана ц1ад, дун киего яч1унаро, дир рет1изе хьитал гьеч1о.	q’asi buk'ana c’ad, dun kiego jač’unaro, dir ret'ize xital heč’o. 			был	buk'ana	perfect	past	1	?	Avar	F	?	9.2016	
es	38	5	Вы спали и во сне перевернули стакан с водой, стоявший возле кровати. Вы просыпаетесь и видите лужу на полу. Как вы скажете:	Эй, дочка, (оказывается) я пролила воду, вытри, пожалуйста.	ле, яс, лъим г1одобе ун буго. бац1е бегьолеб батани.	le, jas, ɬim ʕodobe un bugo. bac’e beholeb batani.			пролила	un bugo	perfect	perfect	1	?	Avar	F	?	9.2016	
es	39	6	Вы видите на улице много милиции и перекрыли несколько улиц. Вы спрашиваете у прохожего – почему? Он говорит, что в город приехали важные гости. А вы сегодня собирались зайти в магазин с матерью. Как вы, вернувшись домой, сказали бы ей:	В город приехало начальство, лучше попозже зайдем.	шагьаралде рач1ана гьаккинзаби, цодагьаб хадур рилъина.	šaharalde rač’ana hakːinzabi, codahab χadur riɬina.			приехало	rač’ana	perfect	past	1	?	Avar	F	?	9.2016	
es	40	7	В конце января по телевизору в Махачкале сообщили, что в Москве шел снег. Возвращаясь в село, вы говорите водителю маршрутки:	В Москве снова снег, значит, у нас через неделю тоже будет.	москваялда нахъего г1азо бан буго, анкьидасан г1азо нилъер гьанибги бук1уна.	moskwajalda naqego ʕazo ban bugo, anƛ’idasan ʕazo niɬer hanibgi buk’una.			снег	ban bugo	perfect	perfect	1	?	Avar	F	?	9.2016	
es	41	8	Вас спрашивают какое у вас мнение о новом главе района. Лично вы его не знаете, но люди отзываются о нем хорошо. Как вы скажете:	Говорят, он честный человек. Но один честный человек ничего не изменит.	бицунеб рач1ана кверги рак1ги бац1араб чи вугила. амма, цо чиясул жо кколаро.	bicuneb rač’ana kʷergi rak’gi bac’arab či wugila. amma, co čijasul žo kːolaro.			честный человек	bac’arab či wugila	other	other	1	?	Avar	F	?	9.2016	
es	42	9	К вам приехал двоюродный брат из города, которого вы уже очень давно не видели. Он спрашивает, «Какие новости?» а вы ему расскажете о событиях у вас	В соседнем селе школу разрушили, а у нас тут у соседей дочка родилась.	мадогьалехъ бугеб росолъ школа бихана, нилъер мадогьалалъе гьайуна яс.	madohaleq bugeb rosoɬ škola biχana, niɬer madohalaɬe hajuna jas.			разрушили	biχana	perfect	past	1	?	Avar	F	?	9.2016	
es	43	9	К вам приехал двоюродный брат из города, которого вы уже очень давно не видели. Он спрашивает, «Какие новости?» а вы ему расскажете о событиях у вас	В соседнем селе школу разрушили, а у нас тут у соседей дочка родилась.	мадогьалехъ бугеб росолъ школа бихана, нилъер мадогьалалъе гьайуна яс.	madohaleq bugeb rosoɬ škola biχana, niɬer madohalaɬe hajuna jas.			родилась	hajuna	perfect	past	1	?	Avar	F	?	9.2016	
es	44	10	Вы были у родственников в Махачкале и когда вы вернулись в село вам рассказывали о том, что произошло когда вас не было. Потом родственники вам звонят спросить как доехали, и вы перерассказываете следующую историю (перевести все предложения отдельно)	Мне рассказывали такую историю. В село приехали какие-то москвичи, корреспонденты говорили. А у нас в селе была свадьба, их тоже пригласили. И зашли они, покушали. Даже лезгинку танцевали.	дида бицана гьадинаб хабар. росолъе рач1ана масквичалги корреспонденталги. нилъер росолъ бук1ана берт1ин, масквичалги корреспонденталги ах1ана. рач1ана кваназеги кванана.	dida bicana hadinab χabar. rosoɬe račʼana maskwitčalgi korrespondentalgi. niɬer rosoɬ buk'ana bert'in, maskwičalgi korrespondentalgi aħana. račʼana kwanazegi kwanana. aχiralda lezginka qʼːurdana.			рассказывали	bicana	past	past	1	?	Avar	F	?	9.2016	
es	45	10	Вы были у родственников в Махачкале и когда вы вернулись в село вам рассказывали о том, что произошло когда вас не было. Потом родственники вам звонят спросить как доехали, и вы перерассказываете следующую историю (перевести все предложения отдельно)	Мне рассказывали такую историю. В село приехали какие-то москвичи, корреспонденты говорили. А у нас в селе была свадьба, их тоже пригласили. И зашли они, покушали. Даже лезгинку танцевали.	дида бицана гьадинаб хабар. росолъе рач1ана масквичалги корреспонденталги. нилъер росолъ бук1ана берт1ин, масквичалги корреспонденталги ах1ана. рач1ана кваназеги кванана.	dida bicana hadinab χabar. rosoɬe račʼana maskwitčalgi korrespondentalgi. niɬer rosoɬ buk'ana bert'in, maskwičalgi korrespondentalgi aħana. račʼana kwanazegi kwanana. aχiralda lezginka qʼːurdana.			приехали	rač’ana	perfect	past	1	?	Avar	F	?	9.2016	
es	46	10	Вы были у родственников в Махачкале и когда вы вернулись в село вам рассказывали о том, что произошло когда вас не было. Потом родственники вам звонят спросить как доехали, и вы перерассказываете следующую историю (перевести все предложения отдельно)	Мне рассказывали такую историю. В село приехали какие-то москвичи, корреспонденты говорили. А у нас в селе была свадьба, их тоже пригласили. И зашли они, покушали. Даже лезгинку танцевали.	дида бицана гьадинаб хабар. росолъе рач1ана масквичалги корреспонденталги. нилъер росолъ бук1ана берт1ин, масквичалги корреспонденталги ах1ана. рач1ана кваназеги кванана.	dida bicana hadinab χabar. rosoɬe račʼana maskwitčalgi korrespondentalgi. niɬer rosoɬ buk'ana bert'in, maskwičalgi korrespondentalgi aħana. račʼana kwanazegi kwanana. aχiralda lezginka qʼːurdana.			говорили		perfect		1	?	Avar	F	?	9.2016	
es	47	10	Вы были у родственников в Махачкале и когда вы вернулись в село вам рассказывали о том, что произошло когда вас не было. Потом родственники вам звонят спросить как доехали, и вы перерассказываете следующую историю (перевести все предложения отдельно)	Мне рассказывали такую историю. В село приехали какие-то москвичи, корреспонденты говорили. А у нас в селе была свадьба, их тоже пригласили. И зашли они, покушали. Даже лезгинку танцевали.	дида бицана гьадинаб хабар. росолъе рач1ана масквичалги корреспонденталги. нилъер росолъ бук1ана берт1ин, масквичалги корреспонденталги ах1ана. рач1ана кваназеги кванана.	dida bicana hadinab χabar. rosoɬe račʼana maskwitčalgi korrespondentalgi. niɬer rosoɬ buk'ana bert'in, maskwičalgi korrespondentalgi aħana. račʼana kwanazegi kwanana. aχiralda lezginka qʼːurdana.			была	buk'ana	perfect	past	1	?	Avar	F	?	9.2016	
es	48	10	Вы были у родственников в Махачкале и когда вы вернулись в село вам рассказывали о том, что произошло когда вас не было. Потом родственники вам звонят спросить как доехали, и вы перерассказываете следующую историю (перевести все предложения отдельно)	Мне рассказывали такую историю. В село приехали какие-то москвичи, корреспонденты говорили. А у нас в селе была свадьба, их тоже пригласили. И зашли они, покушали. Даже лезгинку танцевали.	дида бицана гьадинаб хабар. росолъе рач1ана масквичалги корреспонденталги. нилъер росолъ бук1ана берт1ин, масквичалги корреспонденталги ах1ана. рач1ана кваназеги кванана.	dida bicana hadinab χabar. rosoɬe račʼana maskwitčalgi korrespondentalgi. niɬer rosoɬ buk'ana bert'in, maskwičalgi korrespondentalgi aħana. račʼana kwanazegi kwanana. aχiralda lezginka qʼːurdana.			пригласили	aħana	perfect	past	1	?	Avar	F	?	9.2016	
es	49	10	Вы были у родственников в Махачкале и когда вы вернулись в село вам рассказывали о том, что произошло когда вас не было. Потом родственники вам звонят спросить как доехали, и вы перерассказываете следующую историю (перевести все предложения отдельно)	Мне рассказывали такую историю. В село приехали какие-то москвичи, корреспонденты говорили. А у нас в селе была свадьба, их тоже пригласили. И зашли они, покушали. Даже лезгинку танцевали.	дида бицана гьадинаб хабар. росолъе рач1ана масквичалги корреспонденталги. нилъер росолъ бук1ана берт1ин, масквичалги корреспонденталги ах1ана. рач1ана кваназеги кванана.	dida bicana hadinab χabar. rosoɬe račʼana maskwitčalgi korrespondentalgi. niɬer rosoɬ buk'ana bert'in, maskwičalgi korrespondentalgi aħana. račʼana kwanazegi kwanana. aχiralda lezginka qʼːurdana.			зашли	rač’ana	perfect	past	1	?	Avar	F	?	9.2016	
es	50	10	Вы были у родственников в Махачкале и когда вы вернулись в село вам рассказывали о том, что произошло когда вас не было. Потом родственники вам звонят спросить как доехали, и вы перерассказываете следующую историю (перевести все предложения отдельно)	Мне рассказывали такую историю. В село приехали какие-то москвичи, корреспонденты говорили. А у нас в селе была свадьба, их тоже пригласили. И зашли они, покушали. Даже лезгинку танцевали.	дида бицана гьадинаб хабар. росолъе рач1ана масквичалги корреспонденталги. нилъер росолъ бук1ана берт1ин, масквичалги корреспонденталги ах1ана. рач1ана кваназеги кванана.	dida bicana hadinab χabar. rosoɬe račʼana maskwitčalgi korrespondentalgi. niɬer rosoɬ buk'ana bert'in, maskwičalgi korrespondentalgi aħana. račʼana kwanazegi kwanana. aχiralda lezginka qʼːurdana.			покушали	kʷanana	perfect	past	1	?	Avar	F	?	9.2016	
es	51	10	Вы были у родственников в Махачкале и когда вы вернулись в село вам рассказывали о том, что произошло когда вас не было. Потом родственники вам звонят спросить как доехали, и вы перерассказываете следующую историю (перевести все предложения отдельно)	Мне рассказывали такую историю. В село приехали какие-то москвичи, корреспонденты говорили. А у нас в селе была свадьба, их тоже пригласили. И зашли они, покушали. Даже лезгинку танцевали.	дида бицана гьадинаб хабар. росолъе рач1ана масквичалги корреспонденталги. нилъер росолъ бук1ана берт1ин, масквичалги корреспонденталги ах1ана. рач1ана кваназеги кванана.	dida bicana hadinab χabar. rosoɬe račʼana maskwitčalgi korrespondentalgi. niɬer rosoɬ buk'ana bert'in, maskwičalgi korrespondentalgi aħana. račʼana kwanazegi kwanana. aχiralda lezginka qʼːurdana.			танцевали	q’ːurdana	perfect	past	1	?	Avar	F	?	9.2016	
es	52	11	Вы рассказываете про сон, который вам приснился.	Вчера мне такой сон приснился. Я летела над горами как птица. Потом вспомнила что не умею летать, и сразу же упала. Как коснулась земли я проснулась.	сон дида макъо бихана. дун йоржуне йик1ана муг1рузда т1асан х1инч1 аг1дин. дида рак1алде швана йоржуне лъалареблъи дур хехго г1одое йортана. ракъалда хъвайгун дур йорч1ана. 	son dida maqʼo biχana. dun jorʒune jik'ana muʕruzda t'asan ħinč’ aʕdin. dida rak'alde šwana jorʒune ɬalarebɬi dur χeχgo ʕodoje jortana. raqʼalda  qʷajgun dur jorč’ana. 			приснился	maq’o biχana	past	past	1	?	Avar	F	?	9.2016	
es	53	11	Вы рассказываете про сон, который вам приснился.	Вчера мне такой сон приснился. Я летела над горами как птица. Потом вспомнила что не умею летать, и сразу же упала. Как коснулась земли я проснулась.	сон дида макъо бихана. дун йоржуне йик1ана муг1рузда т1асан х1инч1 аг1дин. дида рак1алде швана йоржуне лъалареблъи дур хехго г1одое йортана. ракъалда хъвайгун дур йорч1ана. 	son dida maqʼo biχana. dun jorʒune jik'ana muʕruzda t'asan ħinč’ aʕdin. dida rak'alde šwana jorʒune ɬalarebɬi dur χeχgo ʕodoje jortana. raqʼalda  qʷajgun dur jorč’ana. 			летела	joržune jik’ana	perfect	past	1	?	Avar	F	?	9.2016	
es	54	11	Вы рассказываете про сон, который вам приснился.	Вчера мне такой сон приснился. Я летела над горами как птица. Потом вспомнила что не умею летать, и сразу же упала. Как коснулась земли я проснулась.	сон дида макъо бихана. дун йоржуне йик1ана муг1рузда т1асан х1инч1 аг1дин. дида рак1алде швана йоржуне лъалареблъи дур хехго г1одое йортана. ракъалда хъвайгун дур йорч1ана. 	son dida maqʼo biχana. dun jorʒune jik'ana muʕruzda t'asan ħinč’ aʕdin. dida rak'alde šwana jorʒune ɬalarebɬi dur χeχgo ʕodoje jortana. raqʼalda  qʷajgun dur jorč’ana. 			вспомнила	rak’alde šwana	perfect	past	1	?	Avar	F	?	9.2016	
es	55	11	Вы рассказываете про сон, который вам приснился.	Вчера мне такой сон приснился. Я летела над горами как птица. Потом вспомнила что не умею летать, и сразу же упала. Как коснулась земли я проснулась.	сон дида макъо бихана. дун йоржуне йик1ана муг1рузда т1асан х1инч1 аг1дин. дида рак1алде швана йоржуне лъалареблъи дур хехго г1одое йортана. ракъалда хъвайгун дур йорч1ана. 	son dida maqʼo biχana. dun jorʒune jik'ana muʕruzda t'asan ħinč’ aʕdin. dida rak'alde šwana jorʒune ɬalarebɬi dur χeχgo ʕodoje jortana. raqʼalda  qʷajgun dur jorč’ana. 			упала	jortana	perfect	past	1	?	Avar	F	?	9.2016	
es	56	11	Вы рассказываете про сон, который вам приснился.	Вчера мне такой сон приснился. Я летела над горами как птица. Потом вспомнила что не умею летать, и сразу же упала. Как коснулась земли я проснулась.	сон дида макъо бихана. дун йоржуне йик1ана муг1рузда т1асан х1инч1 аг1дин. дида рак1алде швана йоржуне лъалареблъи дур хехго г1одое йортана. ракъалда хъвайгун дур йорч1ана. 	son dida maqʼo biχana. dun jorʒune jik'ana muʕruzda t'asan ħinč’ aʕdin. dida rak'alde šwana jorʒune ɬalarebɬi dur χeχgo ʕodoje jortana. raqʼalda  qʷajgun dur jorč’ana. 			проснулась	jorč’ana	perfect	past	1	?	Avar	F	?	9.2016	
es	57	1	Вы шли по улице, как вдруг увидели бегущего молодого человека, с дамской сумкой на руках, за которым бегут два полицейских. Вы видите, как полицейские его в конце концов догоняют и арестовывают. На следующий день вы встречаете соседа и рассказываете о том, что видели:	Иду я вчера по улице, и вдруг мимо меня бежит молодой парень, а за ним полицейские. Он быстро бежал, но в конце концов они его поймали.	вуине сунни ден микьавокку, дич1у лъерукку гьелий вуон сев моч1и. гьегешч1у вехуду т1арир милицол. гьегев хехи вуч1ун гьегелуди вуччи.	w-uʔin-ne sunni den miq’a-wo-kːu di-č’u ɬeru-kːu heli-j w-uʔon se-w moč’i. hegešː-č’u w-eχudu t’arir milicol. hege-w χeχi w-uč’-un hegelu-di w-učːi.	m-go-hab yesterday 1sg road-m.?-el 1sg-cont near-el run-cvb m-go.aor one-m child. dem.m-cont m-behind ? police.pl. dem-m fast m-?-cvb dem.pl-erg m-catch.aor		поймали	w-učːi	past	past	1	Zilo	Andi	M	?	9.2016	
es	58	2	Вернувшись домой, вы сразу чувствуете запах тухлого мяса, которое, наверное, где-то на кухне. Ясно, что мясо испортилось. Как вы бы сказали жене:	Эх, жена, мясо протухло! Другая еда есть?	ей, йошик1ва, рикьи бич1ой! себло мугьу джиле?	ej, jošik’ʷa riƛ’i b-ič’o-j! se-b=lo muhu dži=le?	hey, wife meat inan1-spoil-pf! one-inan1=add food cop=q		протухло	b-ič’o-j	perfect	perfect	1	Zilo	Andi	M	?	9.2016	
es	59	3	Вы и знакомый встречаете в лесу человека, который спит на только что снятой шкуре медведя. Рядом лежит свежая туша. Как вы скажете своему знакомому:	Он убил медведя, а ведь охота запрещена.	гьедешди джаби сей, чанахъанлъир гьукъуниб бик1оболло. 	hedešː-di džabi sej, čanaqan-ɬi-r huq’unib b-ik’o-bollo	dem.m-erg hit.aor bear, hunter-inch-msd ? inan1-be.aor-indef		убил	džabi	perfect	past	1	Zilo	Andi	M	?	9.2016	
es	60	4	Вы просыпаетесь и смотрите из окна. Вчера ваша жена попросила сегодня сходить на рынок, а вы, смотря из окна видите, что на улице все мокро. Как вы в таком случае сказали бы	Ночью был дождь, я никуда не пойду, нет хорошей обуви.	лъакьу ц1ц1а ригъи, ден себгулолди вуинесса, су шуб нассил.	ɬaƛ’u c’ːa r-iʁi den se-b=gu=lol-di w-uʔinne-sːa, sːu šu-b nasːil 	yesterday_night rain inan2-be.aor 1sg one-inan1=emph=add-lat m-go-neg.fut neg good-inan1 shoes		был	r-iʁi	perfect	past	1	Zilo	Andi	M	?	9.2016	если ригъий — дождь перестал.
es	61	1	Вы шли по улице, как вдруг увидели бегущего молодого человека, с дамской сумкой на руках, за которым бегут два полицейских. Вы видите, как полицейские его в конце концов догоняют и арестовывают. На следующий день вы встречаете соседку и рассказываете о том, что видели:	Иду я вчера по улице, и вдруг мимо меня бежит молодой парень, а за ним полицейские. Он быстро бежал , но в конце концов они его поймали.	сунни ден йиине йигъи къват1илакку. инуккуболло ц1инич1игу гьелий дио олокъан моч1и вуо, гьегешч1у вехуду милицолло вогъи. гьегев хехи гьели икьилло гьегев вуччи.	sunni den j-iʔin-ne j-iʁi qː'wat'i-la-kːu. inu-kːu-bollo cʼinni-č'igu heli-j di-ʔo oloqː'an moč'i w-uʔo, hegešː-č'u w-eχudu milicol=lo w-oʁi. hege-w χeχi heli iƛʼillo hege-w w-učːi.	yesterday 1sg f-go-hab f-be.aor street-in-el. where-el-indef know-neg.cvb run-cvb 1sg-sup.lat young child m-go.aor, dem.m-cont m-after policeman.pl=add m-pl.be.aor. dem-m fast run.aor ? dem-m m-catch.aor		поймали	w-učːi	past	past	2	Zilo	Andi	F	?	9.2016	
es	62	2	Вы заходите в гости к сестре, и когда входите в дом вы сразу чувствуете запах тухлого мяса, которое, наверное, где-то на кухне. Ясно, что мясо испортилось. Как вы бы сказали сестре:	Эх, у тебя мясо протухло! Надо его выкинуть.	огь, дуб рикьи шанохуй! шамери букуя гьеб.	oh, du-b riƛ’i šanoχu-j! šamm-eri bukːu-ja he-b.	oh, 2sg-inan1[gen] meat spoil-pf throw-inf must-fut dem-inan1		протухло	šanoχu-j	perfect	perfect	2	Zilo	Andi	F	?	9.2016	
es	63	3	Вы пошли в лес вместе с сыном собирать ягоды, и там встречаете в лесу человека, который спит на только что снятой шкуре медведя. Рядом лежит свежая туша. Вы этим удивляетесь и говорите своему сыну:	Он убил медведя, а ведь охота запрещена!	гьегешди джаби сей, чанаанлъир лъесса бик1ороди.	hegešː-di džabi sej,  čanaqːaɬir ɬe-sːa b-ik'o-rodi.	dem.m-erg hit.aor bear, hunting ?-neg.fut inan1-be.aor-because		убил	džabi	perfect	past	2	Zilo	Andi	F	?	9.2016	It seems the consultant did not quite understand what I wanted to elicit.
es	64	6	Вы видите на улице много милиции и перекрыли несколько улиц. Вы спрашиваете у прохожего – почему? Он говорит, что в город приехали важные гости. А вы сегодня собирались зайти в магазин с матерью. Как вы, вернувшись домой, сказали бы ей	В город приехало начальство, лучше попозже зайдем.	городил о воой х1акимадул шуб оншило вообор	gorodil-ʔo w-oʔo-j ħakimadul šu-b onšilo w-oʔo-bor	city-sup.lat m-pl.go-pf official.pl good-inan1 then m-pl.go-cond		приехало	w-oʔo-j	perfect	perfect	2	Zilo	Andi	F	?	9.2016	
es	65	7	В конце января по телевизору в Махачкале сообщили, что в Москве шел снег. Возвращаясь в село, вы говорите водителю маршрутки:	В Москве снова снег, значит, у нас через неделю тоже будет.	масквал а гьинджелло анзи гьиндже гьокьул акку илъихалло рик1уя анзи.	maskwal-ʔa hindžello anzi hindže hoƛ’ula-kːu iƛi-χa=lo r-ik’u-ja anzi	moscow-sup again snow so week-el 1pl.incl-ad=add inan2-be-fut snow		снег		perfect	other	2	Zilo	Andi	F	?	9.2016	
es	66	8	Вас спрашивают какое у вас мнение о новом главе района. Лично вы его не знаете, но люди отзываются о нем хорошо. Как вы скажете: 	Говорят, он честный человек. Но один честный человек ничего не изменит.	рулъе сев бужурулъи джиб гьек1ва сев гьешди себгулло бершолесса.	ruƛ-e se-w bužuru-ɬi dži-b hek’ʷa se-w hešː-di se-b=gu=lo b-eršole-sːa	say-hab one-m believe-? cop-ptcp person one-m dem.m-erg one-inan1=emph=add inan1-change-neg.fut		честный человек	bužuru-ɬi dži-b	other	other	2	Zilo	Andi	F	?	9.2016	
es	67	9	К вам приехал двоюродный брат из города, которого вы уже очень давно не видели. Он спрашивает, «Какие новости?» а вы ему расскажете о событиях у вас:	В соседнем селе школу разрушили, а у нас тут у соседей дочка родилась. 	мадугьал асси гьонлъиси ушкул бихолъий, а ищиха гьолъу мадугьалшха йоши джидий.	maduhal asːi hon-ƛi-sːi uškul b-iχ-oɬi-j, a išːi-χa hoɬu maduhalš-χa joši džidi-j	neighbor ? village-inter-atr school inan1-?-caus.pst-pf but 1pl.excl here neighbor.m-ad girl make-pf		разрушили	b-iχ-oɬi-j	perfect	perfect	2	Zilo	Andi	F	?	9.2016	Аорист: удивление, с радостью рассказывает. Перфект: случилось и всё.
es	68	9	К вам приехал двоюродный брат из города, которого вы уже очень давно не видели. Он спрашивает, «Какие новости?» а вы ему расскажете о событиях у вас:	В соседнем селе школу разрушили, а у нас тут у соседей дочка родилась. 	мадугьал асси гьонлъиси ушкул бихолъий, а ищиха гьолъу мадугьалшха йоши джидий.	maduhal asːi hon-ƛi-sːi uškul b-iχ-oɬi-j, a išːi-χa hoɬu maduhalš-χa joši džidi-j	neighbor ? village-inter-atr school inan1-?-caus.pst-pf but 1pl.excl here neighbor.m-ad girl make-pf		родилась	džidi-j	perfect	perfect	2	Zilo	Andi	F	?	9.2016	
es	69	10	Вы были у родственников в Махачкале и когда вы вернулись в село вам рассказывали о том, что произошло когда вас не было. Потом родственники вам звонят спросить как доехали, и вы перерассказываете следующую историю (перевести все предложения отдельно):	Мне рассказывали такую историю. В село приехали какие-то москвичи, корреспонденты говорили. А у нас в селе была свадьба, их тоже пригласили. И зашли они, покушали. Даже лезгинку танцевали.	дии боссон себ хабар. гьонлъи икьи солболло воо уруссол, карреспандентол боссомадо вогъи. ишиха гьонлъи бигъи рехин гьегевуло къори. воо гьегевул воконно кьибдиёлло дано вуон.	di-j bosːon se-b χabar. hon-ƛi iƛ’i solbollo w-oʔo urusːol, karrespandentol bosːo-mado w-oʁi. išːi-χa hon-ƛi b-iʁi reχin hege-w-ul=lo q’ori. w-oʔo hege-w-ul w-okon-no ƛ’ibdi-jol=lo dan=no w-uʔon.	1sg-dat tell.aor one-inan1 story. village-inter ? ? m-pl.come.aor russian.pl, correspondent.pl tell-prog m-pl.be.aor. 1pl.excl-ad village-inter inan1-be wedding dem-m-pl=add call.aor. m-pl.come.aor dem-m-pl m-pl.eat-? dance-?-add thing=add m-go.aor		рассказывали	bosːon	past	past	2	Zilo	Andi	F	?	9.2016	
es	70	10	Вы были у родственников в Махачкале и когда вы вернулись в село вам рассказывали о том, что произошло когда вас не было. Потом родственники вам звонят спросить как доехали, и вы перерассказываете следующую историю (перевести все предложения отдельно):	Мне рассказывали такую историю. В село приехали какие-то москвичи, корреспонденты говорили. А у нас в селе была свадьба, их тоже пригласили. И зашли они, покушали. Даже лезгинку танцевали.	дии боссон себ хабар. гьонлъи икьи солболло воо уруссол, карреспандентол боссомадо вогъи. ишиха гьонлъи бигъи рехин гьегевуло къори. воо гьегевул воконно кьибдиёлло дано вуон.	di-j bosːon se-b χabar. hon-ƛi iƛ’i solbollo w-oʔo urusːol, karrespandentol bosːo-mado w-oʁi. išːi-χa hon-ƛi b-iʁi reχin hege-w-ul=lo q’ori. w-oʔo hege-w-ul w-okon-no ƛ’ibdi-jol=lo dan=no w-uʔon.	1sg-dat tell.aor one-inan1 story. village-inter ? ? m-pl.come.aor russian.pl, correspondent.pl tell-prog m-pl.be.aor. 1pl.excl-ad village-inter inan1-be wedding dem-m-pl=add call.aor. m-pl.come.aor dem-m-pl m-pl.eat-? dance-?-add thing=add m-go.aor		приехали	w-oʔo	perfect	past	2	Zilo	Andi	F	?	9.2016	
es	71	10	Вы были у родственников в Махачкале и когда вы вернулись в село вам рассказывали о том, что произошло когда вас не было. Потом родственники вам звонят спросить как доехали, и вы перерассказываете следующую историю (перевести все предложения отдельно):	Мне рассказывали такую историю. В село приехали какие-то москвичи, корреспонденты говорили. А у нас в селе была свадьба, их тоже пригласили. И зашли они, покушали. Даже лезгинку танцевали.	дии боссон себ хабар. гьонлъи икьи солболло воо уруссол, карреспандентол боссомадо вогъи. ишиха гьонлъи бигъи рехин гьегевуло къори. воо гьегевул воконно кьибдиёлло дано вуон.	di-j bosːon se-b χabar. hon-ƛi iƛ’i solbollo w-oʔo urusːol, karrespandentol bosːo-mado w-oʁi. išːi-χa hon-ƛi b-iʁi reχin hege-w-ul=lo q’ori. w-oʔo hege-w-ul w-okon-no ƛ’ibdi-jol=lo dan=no w-uʔon.	1sg-dat tell.aor one-inan1 story. village-inter ? ? m-pl.come.aor russian.pl, correspondent.pl tell-prog m-pl.be.aor. 1pl.excl-ad village-inter inan1-be wedding dem-m-pl=add call.aor. m-pl.come.aor dem-m-pl m-pl.eat-? dance-?-add thing=add m-go.aor		говорили	bosːo-mado w-oʁi	perfect	other	2	Zilo	Andi	F	?	9.2016	
es	72	10	Вы были у родственников в Махачкале и когда вы вернулись в село вам рассказывали о том, что произошло когда вас не было. Потом родственники вам звонят спросить как доехали, и вы перерассказываете следующую историю (перевести все предложения отдельно):	Мне рассказывали такую историю. В село приехали какие-то москвичи, корреспонденты говорили. А у нас в селе была свадьба, их тоже пригласили. И зашли они, покушали. Даже лезгинку танцевали.	дии боссон себ хабар. гьонлъи икьи солболло воо уруссол, карреспандентол боссомадо вогъи. ишиха гьонлъи бигъи рехин гьегевуло къори. воо гьегевул воконно кьибдиёлло дано вуон.	di-j bosːon se-b χabar. hon-ƛi iƛ’i solbollo w-oʔo urusːol, karrespandentol bosːo-mado w-oʁi. išːi-χa hon-ƛi b-iʁi reχin hege-w-ul=lo q’ori. w-oʔo hege-w-ul w-okon-no ƛ’ibdi-jol=lo dan=no w-uʔon.	1sg-dat tell.aor one-inan1 story. village-inter ? ? m-pl.come.aor russian.pl, correspondent.pl tell-prog m-pl.be.aor. 1pl.excl-ad village-inter inan1-be wedding dem-m-pl=add call.aor. m-pl.come.aor dem-m-pl m-pl.eat-? dance-?-add thing=add m-go.aor		была	b-iʁi	perfect	past	2	Zilo	Andi	F	?	9.2016	
es	73	10	Вы были у родственников в Махачкале и когда вы вернулись в село вам рассказывали о том, что произошло когда вас не было. Потом родственники вам звонят спросить как доехали, и вы перерассказываете следующую историю (перевести все предложения отдельно):	Мне рассказывали такую историю. В село приехали какие-то москвичи, корреспонденты говорили. А у нас в селе была свадьба, их тоже пригласили. И зашли они, покушали. Даже лезгинку танцевали.	дии боссон себ хабар. гьонлъи икьи солболло воо уруссол, карреспандентол боссомадо вогъи. ишиха гьонлъи бигъи рехин гьегевуло къори. воо гьегевул воконно кьибдиёлло дано вуон.	di-j bosːon se-b χabar. hon-ƛi iƛ’i solbollo w-oʔo urusːol, karrespandentol bosːo-mado w-oʁi. išːi-χa hon-ƛi b-iʁi reχin hege-w-ul=lo q’ori. w-oʔo hege-w-ul w-okon-no ƛ’ibdi-jol=lo dan=no w-uʔon.	1sg-dat tell.aor one-inan1 story. village-inter ? ? m-pl.come.aor russian.pl, correspondent.pl tell-prog m-pl.be.aor. 1pl.excl-ad village-inter inan1-be wedding dem-m-pl=add call.aor. m-pl.come.aor dem-m-pl m-pl.eat-? dance-?-add thing=add m-go.aor		пригласили	q’ori	perfect	past	2	Zilo	Andi	F	?	9.2016	
es	74	10	Вы были у родственников в Махачкале и когда вы вернулись в село вам рассказывали о том, что произошло когда вас не было. Потом родственники вам звонят спросить как доехали, и вы перерассказываете следующую историю (перевести все предложения отдельно):	Мне рассказывали такую историю. В село приехали какие-то москвичи, корреспонденты говорили. А у нас в селе была свадьба, их тоже пригласили. И зашли они, покушали. Даже лезгинку танцевали.	дии боссон себ хабар. гьонлъи икьи солболло воо уруссол, карреспандентол боссомадо вогъи. ишиха гьонлъи бигъи рехин гьегевуло къори. воо гьегевул воконно кьибдиёлло дано вуон.	di-j bosːon se-b χabar. hon-ƛi iƛ’i solbollo w-oʔo urusːol, karrespandentol bosːo-mado w-oʁi. išːi-χa hon-ƛi b-iʁi reχin hege-w-ul=lo q’ori. w-oʔo hege-w-ul w-okon-no ƛ’ibdi-jol=lo dan=no w-uʔon.	1sg-dat tell.aor one-inan1 story. village-inter ? ? m-pl.come.aor russian.pl, correspondent.pl tell-prog m-pl.be.aor. 1pl.excl-ad village-inter inan1-be wedding dem-m-pl=add call.aor. m-pl.come.aor dem-m-pl m-pl.eat-? dance-?-add thing=add m-go.aor		зашли	w-oʔo	perfect	past	2	Zilo	Andi	F	?	9.2016	
es	75	10	Вы были у родственников в Махачкале и когда вы вернулись в село вам рассказывали о том, что произошло когда вас не было. Потом родственники вам звонят спросить как доехали, и вы перерассказываете следующую историю (перевести все предложения отдельно):	Мне рассказывали такую историю. В село приехали какие-то москвичи, корреспонденты говорили. А у нас в селе была свадьба, их тоже пригласили. И зашли они, покушали. Даже лезгинку танцевали.	дии боссон себ хабар. гьонлъи икьи солболло воо уруссол, карреспандентол боссомадо вогъи. ишиха гьонлъи бигъи рехин гьегевуло къори. воо гьегевул воконно кьибдиёлло дано вуон.	di-j bosːon se-b χabar. hon-ƛi iƛ’i solbollo w-oʔo urusːol, karrespandentol bosːo-mado w-oʁi. išːi-χa hon-ƛi b-iʁi reχin hege-w-ul=lo q’ori. w-oʔo hege-w-ul w-okon-no ƛ’ibdi-jol=lo dan=no w-uʔon.	1sg-dat tell.aor one-inan1 story. village-inter ? ? m-pl.come.aor russian.pl, correspondent.pl tell-prog m-pl.be.aor. 1pl.excl-ad village-inter inan1-be wedding dem-m-pl=add call.aor. m-pl.come.aor dem-m-pl m-pl.eat-? dance-?-add thing=add m-go.aor		покушали	w-okon-no	perfect	unclear	2	Zilo	Andi	F	?	9.2016	
es	76	10	Вы были у родственников в Махачкале и когда вы вернулись в село вам рассказывали о том, что произошло когда вас не было. Потом родственники вам звонят спросить как доехали, и вы перерассказываете следующую историю (перевести все предложения отдельно):	Мне рассказывали такую историю. В село приехали какие-то москвичи, корреспонденты говорили. А у нас в селе была свадьба, их тоже пригласили. И зашли они, покушали. Даже лезгинку танцевали.	дии боссон себ хабар. гьонлъи икьи солболло воо уруссол, карреспандентол боссомадо вогъи. ишиха гьонлъи бигъи рехин гьегевуло къори. воо гьегевул воконно кьибдиёлло дано вуон.	di-j bosːon se-b χabar. hon-ƛi iƛ’i solbollo w-oʔo urusːol, karrespandentol bosːo-mado w-oʁi. išːi-χa hon-ƛi b-iʁi reχin hege-w-ul=lo q’ori. w-oʔo hege-w-ul w-okon-no ƛ’ibdi-jol=lo dan=no w-uʔon.	1sg-dat tell.aor one-inan1 story. village-inter ? ? m-pl.come.aor russian.pl, correspondent.pl tell-prog m-pl.be.aor. 1pl.excl-ad village-inter inan1-be wedding dem-m-pl=add call.aor. m-pl.come.aor dem-m-pl m-pl.eat-? dance-?-add thing=add m-go.aor		танцевали	ƛ’ibdi-jol=lo	perfect	unclear	2	Zilo	Andi	F	?	9.2016	
